subject,epoch_index,true_label,fatigue_probability,predicted_label,model_file
1,0,0,0.004143569849888889,0,loso_subject_01.npz
1,1,0,0.03321584881853476,0,loso_subject_01.npz
1,2,0,0.014456956849214213,0,loso_subject_01.npz
1,3,0,0.007004073046567575,0,loso_subject_01.npz
1,5,0,0.027252801543281795,0,loso_subject_01.npz
1,6,0,0.03548325441411523,0,loso_subject_01.npz
1,7,0,0.09089732994489524,0,loso_subject_01.npz
1,8,0,0.015527532347905892,0,loso_subject_01.npz
1,9,0,0.004665872227977024,0,loso_subject_01.npz
1,10,0,0.053552034255153494,0,loso_subject_01.npz
1,11,0,0.015377770685253892,0,loso_subject_01.npz
1,12,0,0.027423536234787268,0,loso_subject_01.npz
1,13,0,0.17267787208787325,0,loso_subject_01.npz
1,14,0,0.027613369780941387,0,loso_subject_01.npz
1,15,0,0.020634266147794837,0,loso_subject_01.npz
1,16,0,0.008957763065387103,0,loso_subject_01.npz
1,17,0,0.1270256255077965,0,loso_subject_01.npz
1,18,0,0.050951703710551764,0,loso_subject_01.npz
1,19,0,0.12547949766486857,0,loso_subject_01.npz
1,20,0,0.03742359990638144,0,loso_subject_01.npz
1,21,0,0.016188592780492762,0,loso_subject_01.npz
1,22,0,0.06909175607921157,0,loso_subject_01.npz
1,23,0,0.00879854636680794,0,loso_subject_01.npz
1,24,0,0.058364833787552174,0,loso_subject_01.npz
1,25,0,0.006202904314321492,0,loso_subject_01.npz
1,26,0,0.010363513975492017,0,loso_subject_01.npz
1,28,0,0.0192084026420221,0,loso_subject_01.npz
1,29,0,0.09216810180226143,0,loso_subject_01.npz
1,30,0,0.04222926385550491,0,loso_subject_01.npz
1,31,0,0.01058169302074387,0,loso_subject_01.npz
1,32,0,0.11792981770545052,0,loso_subject_01.npz
1,33,0,0.3760466140799574,0,loso_subject_01.npz
1,34,0,0.021995288779181367,0,loso_subject_01.npz
1,35,0,0.14078696538804503,0,loso_subject_01.npz
1,36,0,0.03860888039251181,0,loso_subject_01.npz
1,37,0,0.032447990625460416,0,loso_subject_01.npz
1,38,0,0.03606069074959857,0,loso_subject_01.npz
1,39,0,0.09189663223388195,0,loso_subject_01.npz
1,40,0,0.3536789391711518,0,loso_subject_01.npz
1,41,0,0.35551677771957885,0,loso_subject_01.npz
1,42,0,0.03477633395917759,0,loso_subject_01.npz
1,43,0,0.05208589621610681,0,loso_subject_01.npz
1,44,0,1.4929069186437433e-05,0,loso_subject_01.npz
1,45,0,0.36920501528041627,0,loso_subject_01.npz
1,46,0,0.1213694501446684,0,loso_subject_01.npz
1,47,0,0.009221353537132151,0,loso_subject_01.npz
1,48,0,0.2820851151617769,0,loso_subject_01.npz
1,49,0,0.021295610598154283,0,loso_subject_01.npz
1,50,0,0.04220297970646032,0,loso_subject_01.npz
1,51,0,0.17191310603290264,0,loso_subject_01.npz
1,52,0,0.02065079330737508,0,loso_subject_01.npz
1,53,0,0.032560704515663244,0,loso_subject_01.npz
1,54,0,0.09812606413007335,0,loso_subject_01.npz
1,55,0,0.07213725058210829,0,loso_subject_01.npz
1,56,0,0.020636572463067705,0,loso_subject_01.npz
1,57,0,0.7462665486133537,1,loso_subject_01.npz
1,58,0,0.059129570916006756,0,loso_subject_01.npz
1,59,0,0.009958579220712457,0,loso_subject_01.npz
1,60,0,0.012155545536715304,0,loso_subject_01.npz
1,62,0,0.279921051837316,0,loso_subject_01.npz
1,63,0,0.1370239661864588,0,loso_subject_01.npz
1,64,0,0.049783823270812884,0,loso_subject_01.npz
1,65,0,0.033800633719381995,0,loso_subject_01.npz
1,66,0,0.17666039057540603,0,loso_subject_01.npz
1,67,0,0.37187523100745684,0,loso_subject_01.npz
1,69,0,0.09024271917889985,0,loso_subject_01.npz
1,70,0,0.0022027783857598835,0,loso_subject_01.npz
1,72,0,0.03851552459227466,0,loso_subject_01.npz
1,73,0,0.26996050768632374,0,loso_subject_01.npz
1,74,0,0.027897361361997587,0,loso_subject_01.npz
1,75,0,0.028301062227044996,0,loso_subject_01.npz
1,76,0,0.01771501110859533,0,loso_subject_01.npz
1,77,0,0.002362687792412909,0,loso_subject_01.npz
1,78,0,0.022053432096248268,0,loso_subject_01.npz
1,79,0,0.012518654351821496,0,loso_subject_01.npz
1,80,0,0.004039532456178185,0,loso_subject_01.npz
1,81,0,0.006945021985615421,0,loso_subject_01.npz
1,82,0,0.028928246298173504,0,loso_subject_01.npz
1,84,0,0.16014479617140928,0,loso_subject_01.npz
1,85,0,0.2765125249557508,0,loso_subject_01.npz
1,86,0,0.012234349189356215,0,loso_subject_01.npz
1,87,0,0.005861664418867362,0,loso_subject_01.npz
1,88,0,0.01742410984838084,0,loso_subject_01.npz
1,90,0,0.012549358135414853,0,loso_subject_01.npz
1,91,0,0.013129893424326659,0,loso_subject_01.npz
1,92,0,0.03180483268593585,0,loso_subject_01.npz
1,93,0,0.31541734939806715,0,loso_subject_01.npz
1,94,0,0.0024629882985013167,0,loso_subject_01.npz
1,95,0,0.02609708462215407,0,loso_subject_01.npz
1,98,0,0.3683194466136232,0,loso_subject_01.npz
1,99,0,0.11318426704847194,0,loso_subject_01.npz
1,100,0,0.027107351635620343,0,loso_subject_01.npz
1,101,0,0.9931614670672645,1,loso_subject_01.npz
1,104,0,0.014094452669950082,0,loso_subject_01.npz
1,105,0,0.001272331899375355,0,loso_subject_01.npz
1,106,0,0.09565217171165777,0,loso_subject_01.npz
1,107,0,0.75818361154756,1,loso_subject_01.npz
1,108,0,0.9936439465706282,1,loso_subject_01.npz
1,109,0,0.08566220529625654,0,loso_subject_01.npz
1,110,0,0.9654386069232296,1,loso_subject_01.npz
1,111,0,0.023876766107363438,0,loso_subject_01.npz
1,112,0,0.27999290891931744,0,loso_subject_01.npz
1,113,0,0.07740681790996891,0,loso_subject_01.npz
1,114,1,0.998208392823038,1,loso_subject_01.npz
1,115,1,0.5724985404802067,1,loso_subject_01.npz
1,116,1,0.9301528727461262,1,loso_subject_01.npz
1,117,1,0.8810513235225704,1,loso_subject_01.npz
1,118,1,0.9937700512641361,1,loso_subject_01.npz
1,119,1,0.9361271479611849,1,loso_subject_01.npz
1,121,1,0.9683482033525088,1,loso_subject_01.npz
1,122,1,0.9764009248196667,1,loso_subject_01.npz
1,123,1,0.7884819624163594,1,loso_subject_01.npz
1,124,1,0.9495238176783614,1,loso_subject_01.npz
1,125,1,0.9831755830135224,1,loso_subject_01.npz
1,126,1,0.9120754050989289,1,loso_subject_01.npz
1,127,1,0.9908903324848978,1,loso_subject_01.npz
1,128,1,0.9644366230946276,1,loso_subject_01.npz
1,129,1,0.9633435591266158,1,loso_subject_01.npz
1,131,1,0.9608498178450541,1,loso_subject_01.npz
1,132,1,0.97797111432742,1,loso_subject_01.npz
1,133,1,0.9858516920841648,1,loso_subject_01.npz
1,134,1,0.9914573307244563,1,loso_subject_01.npz
1,135,1,0.6164647996314219,1,loso_subject_01.npz
1,136,1,0.19390800830155083,0,loso_subject_01.npz
1,137,1,0.8831313998861243,1,loso_subject_01.npz
1,138,1,0.9651573367467585,1,loso_subject_01.npz
1,139,1,0.9716959323654558,1,loso_subject_01.npz
1,140,1,0.9625725462336945,1,loso_subject_01.npz
1,142,1,0.7184288079343997,1,loso_subject_01.npz
1,143,1,0.9751627496787739,1,loso_subject_01.npz
1,144,1,0.8923500102201607,1,loso_subject_01.npz
1,145,1,0.7999081186030667,1,loso_subject_01.npz
1,148,1,0.9492400237070918,1,loso_subject_01.npz
1,149,1,0.9904833379037274,1,loso_subject_01.npz
1,150,1,0.973860882814699,1,loso_subject_01.npz
1,151,1,0.9203538246018311,1,loso_subject_01.npz
1,152,1,0.9896498054269419,1,loso_subject_01.npz
1,153,1,0.9609225382659379,1,loso_subject_01.npz
1,155,1,0.9808507055555554,1,loso_subject_01.npz
1,157,1,0.7526747088037835,1,loso_subject_01.npz
1,158,1,0.9465624101941493,1,loso_subject_01.npz
1,159,1,0.9337374100781977,1,loso_subject_01.npz
1,160,1,0.963496581909248,1,loso_subject_01.npz
1,161,1,0.8761527669964293,1,loso_subject_01.npz
1,162,1,0.9563953901948202,1,loso_subject_01.npz
1,163,1,0.8518558018377932,1,loso_subject_01.npz
1,164,1,0.9422462458752909,1,loso_subject_01.npz
1,165,1,0.869627847440948,1,loso_subject_01.npz
1,166,1,0.9717353748092669,1,loso_subject_01.npz
1,167,1,0.962325771309525,1,loso_subject_01.npz
1,168,1,0.9798493175890052,1,loso_subject_01.npz
1,169,1,0.9535519279155259,1,loso_subject_01.npz
1,170,1,0.9960192545182279,1,loso_subject_01.npz
1,171,1,0.997414193124585,1,loso_subject_01.npz
1,172,1,0.9969469317583641,1,loso_subject_01.npz
1,173,1,0.9695834060169798,1,loso_subject_01.npz
1,174,1,0.9242975316724609,1,loso_subject_01.npz
1,175,1,0.3701186809880123,0,loso_subject_01.npz
1,176,1,0.9699984333173068,1,loso_subject_01.npz
1,177,1,0.9957225929189752,1,loso_subject_01.npz
1,178,1,0.8332361144269996,1,loso_subject_01.npz
1,179,1,0.9816471718523173,1,loso_subject_01.npz
1,180,1,0.9394043567368032,1,loso_subject_01.npz
1,181,1,0.9776015292014716,1,loso_subject_01.npz
1,182,1,0.9678341675542785,1,loso_subject_01.npz
1,184,1,0.9797697876590079,1,loso_subject_01.npz
1,185,1,0.9516763432282972,1,loso_subject_01.npz
1,186,1,0.9750485477855166,1,loso_subject_01.npz
1,187,1,0.9598046118608294,1,loso_subject_01.npz
1,188,1,0.9791460955974128,1,loso_subject_01.npz
1,189,1,0.9692380552341998,1,loso_subject_01.npz
1,190,1,0.7640282819349109,1,loso_subject_01.npz
1,191,1,0.9112647074206933,1,loso_subject_01.npz
1,192,1,0.9781810278058818,1,loso_subject_01.npz
1,193,1,0.9677578182270795,1,loso_subject_01.npz
1,194,1,0.9980606788810906,1,loso_subject_01.npz
1,195,1,0.9638355902384973,1,loso_subject_01.npz
1,196,1,0.9639339502379525,1,loso_subject_01.npz
1,197,1,0.8429249557966888,1,loso_subject_01.npz
1,198,1,0.9525089524285546,1,loso_subject_01.npz
1,199,1,0.9817743894324628,1,loso_subject_01.npz
1,200,1,0.9238109132195678,1,loso_subject_01.npz
1,201,1,0.9568486651665212,1,loso_subject_01.npz
1,202,1,0.974706294049702,1,loso_subject_01.npz
1,203,1,0.9912900817480447,1,loso_subject_01.npz
1,204,1,0.8847152716996317,1,loso_subject_01.npz
1,205,1,0.9958837286608153,1,loso_subject_01.npz
1,206,1,0.9523547629121858,1,loso_subject_01.npz
1,207,1,0.9927814905476066,1,loso_subject_01.npz
1,209,1,0.9508494335209374,1,loso_subject_01.npz
1,210,1,0.9773379465546008,1,loso_subject_01.npz
1,211,1,0.9810476020184248,1,loso_subject_01.npz
1,212,1,0.8104765771242861,1,loso_subject_01.npz
1,213,1,0.7938535072467723,1,loso_subject_01.npz
1,214,1,0.9644505970511431,1,loso_subject_01.npz
1,215,1,0.9958352754078192,1,loso_subject_01.npz
1,216,1,0.9939797569955523,1,loso_subject_01.npz
1,217,1,0.977137908210424,1,loso_subject_01.npz
1,218,1,0.9984649452747081,1,loso_subject_01.npz
1,219,1,0.9774794605064232,1,loso_subject_01.npz
1,220,1,0.8769687034934968,1,loso_subject_01.npz
1,221,1,0.9895102265229956,1,loso_subject_01.npz
1,222,1,0.9998692970912819,1,loso_subject_01.npz
1,223,1,0.999731963239283,1,loso_subject_01.npz
1,224,1,0.9977448152891413,1,loso_subject_01.npz
1,225,1,0.9990448926408448,1,loso_subject_01.npz
1,226,1,0.9726560140050401,1,loso_subject_01.npz
1,227,1,0.7405434878016638,1,loso_subject_01.npz
2,228,0,0.11733980389882386,0,loso_subject_02.npz
2,229,0,0.2707606905934814,0,loso_subject_02.npz
2,231,0,0.07891685114970855,0,loso_subject_02.npz
2,232,0,0.040638507287698536,0,loso_subject_02.npz
2,233,0,0.14152785064605222,0,loso_subject_02.npz
2,234,0,0.26232198673135443,0,loso_subject_02.npz
2,235,0,0.028578556535864986,0,loso_subject_02.npz
2,236,0,0.23148135892154142,0,loso_subject_02.npz
2,237,0,0.12546559696636184,0,loso_subject_02.npz
2,239,0,0.17050696147323113,0,loso_subject_02.npz
2,240,0,0.053875210494717385,0,loso_subject_02.npz
2,241,0,0.08288326985639377,0,loso_subject_02.npz
2,242,0,0.024283181217749226,0,loso_subject_02.npz
2,243,0,0.0076932830357021595,0,loso_subject_02.npz
2,244,0,0.02482014479544043,0,loso_subject_02.npz
2,245,0,0.0033364459148879084,0,loso_subject_02.npz
2,247,0,0.04109374118300015,0,loso_subject_02.npz
2,248,0,0.012424632497807066,0,loso_subject_02.npz
2,249,0,0.304600031993537,0,loso_subject_02.npz
2,251,0,0.32635611271810827,0,loso_subject_02.npz
2,252,0,0.1552309983111502,0,loso_subject_02.npz
2,253,0,0.1231651443288776,0,loso_subject_02.npz
2,254,0,0.012902379623487501,0,loso_subject_02.npz
2,255,0,0.1572262557046882,0,loso_subject_02.npz
2,256,0,0.07218679235810187,0,loso_subject_02.npz
2,257,0,0.1495671003891603,0,loso_subject_02.npz
2,258,0,0.12967353876063692,0,loso_subject_02.npz
2,259,0,0.3736603736093714,0,loso_subject_02.npz
2,260,0,0.007415517874346561,0,loso_subject_02.npz
2,261,0,0.04160458399693455,0,loso_subject_02.npz
2,262,0,0.003808595015549609,0,loso_subject_02.npz
2,263,0,0.0060000824914773964,0,loso_subject_02.npz
2,264,0,0.019009539961017983,0,loso_subject_02.npz
2,265,0,0.40169999164585396,0,loso_subject_02.npz
2,266,0,0.10889158594529025,0,loso_subject_02.npz
2,267,0,0.18339749950089587,0,loso_subject_02.npz
2,268,0,0.08549022810177255,0,loso_subject_02.npz
2,269,0,0.7330222628112322,1,loso_subject_02.npz
2,270,0,0.1641433195247408,0,loso_subject_02.npz
2,271,0,0.41890811926920063,0,loso_subject_02.npz
2,272,0,0.18194005418321318,0,loso_subject_02.npz
2,273,0,0.005344248774789603,0,loso_subject_02.npz
2,274,0,0.04792335458865739,0,loso_subject_02.npz
2,275,0,0.025834104730522882,0,loso_subject_02.npz
2,276,0,0.07515048064430342,0,loso_subject_02.npz
2,278,0,0.018749334338351284,0,loso_subject_02.npz
2,279,0,0.013822062352983186,0,loso_subject_02.npz
2,280,0,0.024296452701979363,0,loso_subject_02.npz
2,281,0,0.09627814713551008,0,loso_subject_02.npz
2,282,0,0.023258495219181354,0,loso_subject_02.npz
2,283,0,0.3085191752357188,0,loso_subject_02.npz
2,284,0,0.01906081607780992,0,loso_subject_02.npz
2,285,0,0.03446161568481973,0,loso_subject_02.npz
2,286,0,0.017505912186180743,0,loso_subject_02.npz
2,288,0,0.028016949032448002,0,loso_subject_02.npz
2,290,0,0.037838345278509086,0,loso_subject_02.npz
2,291,0,0.12859102071455233,0,loso_subject_02.npz
2,292,0,0.17120801386858947,0,loso_subject_02.npz
2,293,0,0.17415765281902398,0,loso_subject_02.npz
2,294,0,0.022496603760014455,0,loso_subject_02.npz
2,296,0,0.00038727608005052674,0,loso_subject_02.npz
2,297,0,0.06741381708800748,0,loso_subject_02.npz
2,299,0,0.0013736868858448222,0,loso_subject_02.npz
2,300,0,0.004103355333952309,0,loso_subject_02.npz
2,301,0,0.5695975802728028,1,loso_subject_02.npz
2,302,0,0.009357923756719918,0,loso_subject_02.npz
2,303,0,0.006951534484758778,0,loso_subject_02.npz
2,304,0,0.014420756787369598,0,loso_subject_02.npz
2,305,0,0.34128402501308547,0,loso_subject_02.npz
2,306,0,0.0033388820640679272,0,loso_subject_02.npz
2,307,0,0.040410792123988945,0,loso_subject_02.npz
2,308,0,0.12315302666016009,0,loso_subject_02.npz
2,309,0,0.06209860161562497,0,loso_subject_02.npz
2,310,0,0.024798873609941496,0,loso_subject_02.npz
2,311,1,0.15290935491865984,0,loso_subject_02.npz
2,312,1,0.18869242636956599,0,loso_subject_02.npz
2,313,1,4.16559339275268e-05,0,loso_subject_02.npz
2,314,1,0.018426725013137052,0,loso_subject_02.npz
2,315,1,0.04883264263257262,0,loso_subject_02.npz
2,316,1,0.4397372838835842,0,loso_subject_02.npz
2,317,1,0.8946460831254031,1,loso_subject_02.npz
2,319,1,0.9223956399885,1,loso_subject_02.npz
2,320,1,0.8224516633363286,1,loso_subject_02.npz
2,321,1,0.9487642518039378,1,loso_subject_02.npz
2,322,1,0.9240201622301076,1,loso_subject_02.npz
2,324,1,0.9714808935477948,1,loso_subject_02.npz
2,325,1,0.9533789092142896,1,loso_subject_02.npz
2,326,1,0.6722031870770007,1,loso_subject_02.npz
2,327,1,0.9548613607233749,1,loso_subject_02.npz
2,329,1,0.47172311716348775,0,loso_subject_02.npz
2,330,1,0.7766837335003689,1,loso_subject_02.npz
2,331,1,0.9317473653226345,1,loso_subject_02.npz
2,332,1,0.8969186438898008,1,loso_subject_02.npz
2,333,1,0.9926537279946126,1,loso_subject_02.npz
2,335,1,0.976858018463241,1,loso_subject_02.npz
2,336,1,0.9524561355821178,1,loso_subject_02.npz
2,337,1,0.3555791410972218,0,loso_subject_02.npz
2,338,1,0.632669935166984,1,loso_subject_02.npz
2,339,1,0.3578997834068349,0,loso_subject_02.npz
2,341,1,0.9764622601908532,1,loso_subject_02.npz
2,342,1,0.8207457601632366,1,loso_subject_02.npz
2,343,1,0.9385112712603405,1,loso_subject_02.npz
2,344,1,0.9582110842940842,1,loso_subject_02.npz
2,345,1,0.9589254334640709,1,loso_subject_02.npz
2,346,1,0.9316040696214787,1,loso_subject_02.npz
2,348,1,0.7899766075050982,1,loso_subject_02.npz
2,349,1,0.9306539204963289,1,loso_subject_02.npz
2,350,1,0.9909905943529705,1,loso_subject_02.npz
2,351,1,0.9145129389471078,1,loso_subject_02.npz
2,352,1,0.9183828061203201,1,loso_subject_02.npz
2,353,1,0.9832360355555915,1,loso_subject_02.npz
2,355,1,0.9948981674491134,1,loso_subject_02.npz
2,356,1,0.9713555909996769,1,loso_subject_02.npz
2,357,1,0.9463754351093515,1,loso_subject_02.npz
2,358,1,0.9583816104159114,1,loso_subject_02.npz
2,359,1,0.9716991318151044,1,loso_subject_02.npz
2,360,1,0.9728907015946258,1,loso_subject_02.npz
2,361,1,0.7842792929998449,1,loso_subject_02.npz
2,362,1,0.90040428278703,1,loso_subject_02.npz
2,364,1,0.9975849138569202,1,loso_subject_02.npz
2,365,1,0.99431655943154,1,loso_subject_02.npz
2,367,1,0.9929849011624245,1,loso_subject_02.npz
2,368,1,0.8683031294073248,1,loso_subject_02.npz
2,369,1,0.19868385758069287,0,loso_subject_02.npz
2,370,1,0.9693408603835237,1,loso_subject_02.npz
2,371,1,0.40376874784838945,0,loso_subject_02.npz
2,372,1,0.6995236420965466,1,loso_subject_02.npz
2,373,1,0.9951549683610386,1,loso_subject_02.npz
2,374,1,0.565866393156003,1,loso_subject_02.npz
2,375,1,0.01931311214278216,0,loso_subject_02.npz
2,376,1,0.9653547707095776,1,loso_subject_02.npz
2,377,1,0.8995164506432657,1,loso_subject_02.npz
2,378,1,0.9599334181658259,1,loso_subject_02.npz
2,379,1,0.9667497224356955,1,loso_subject_02.npz
2,380,1,0.9820279999975641,1,loso_subject_02.npz
2,382,1,0.9917182120690167,1,loso_subject_02.npz
2,383,1,0.8199238323560192,1,loso_subject_02.npz
2,384,1,0.994599875343995,1,loso_subject_02.npz
2,385,1,0.9851535951296839,1,loso_subject_02.npz
2,386,1,0.9622345674122785,1,loso_subject_02.npz
2,387,1,0.9825963211328895,1,loso_subject_02.npz
2,388,1,0.7750822197292099,1,loso_subject_02.npz
2,390,1,0.991079526088915,1,loso_subject_02.npz
2,391,1,0.03244026516183208,0,loso_subject_02.npz
2,392,1,0.020572180903689785,0,loso_subject_02.npz
2,393,1,0.02827137899530787,0,loso_subject_02.npz
3,394,0,0.22135532765954521,0,loso_subject_03.npz
3,395,0,0.46014383812562015,0,loso_subject_03.npz
3,396,0,0.06581952957362848,0,loso_subject_03.npz
3,397,0,0.8615634752988232,1,loso_subject_03.npz
3,398,0,0.1480654293022276,0,loso_subject_03.npz
3,399,0,0.008179034983948407,0,loso_subject_03.npz
3,400,0,0.011818032297256427,0,loso_subject_03.npz
3,401,0,0.4526088149655675,0,loso_subject_03.npz
3,402,0,0.06415068999173208,0,loso_subject_03.npz
3,403,0,0.6023032872432447,1,loso_subject_03.npz
3,404,0,0.37749727536072436,0,loso_subject_03.npz
3,405,0,0.9639367294892681,1,loso_subject_03.npz
3,406,0,0.44097867774832367,0,loso_subject_03.npz
3,407,0,0.6908763044165815,1,loso_subject_03.npz
3,408,0,0.8145628736409852,1,loso_subject_03.npz
3,409,0,0.8632103382659825,1,loso_subject_03.npz
3,410,0,0.8843472971942672,1,loso_subject_03.npz
3,411,0,0.7555353075473511,1,loso_subject_03.npz
3,412,0,0.20970417428191304,0,loso_subject_03.npz
3,413,0,0.3010914878783459,0,loso_subject_03.npz
3,414,0,0.8944172258942246,1,loso_subject_03.npz
3,415,0,0.022670944237304952,0,loso_subject_03.npz
3,416,0,0.034901744032495574,0,loso_subject_03.npz
3,418,0,0.6571849739034609,1,loso_subject_03.npz
3,419,0,0.022314458444623198,0,loso_subject_03.npz
3,420,0,0.011155820717126903,0,loso_subject_03.npz
3,421,0,0.2208934524277284,0,loso_subject_03.npz
3,422,0,0.4434456061058667,0,loso_subject_03.npz
3,424,0,0.7243499072916759,1,loso_subject_03.npz
3,425,0,0.7252200368230064,1,loso_subject_03.npz
3,426,0,0.9518552451861748,1,loso_subject_03.npz
3,427,0,0.8318225063915357,1,loso_subject_03.npz
3,428,0,0.6157735806129487,1,loso_subject_03.npz
3,429,0,0.8051053405964347,1,loso_subject_03.npz
3,431,0,0.22450689570298238,0,loso_subject_03.npz
3,433,0,0.7190056105072742,1,loso_subject_03.npz
3,435,0,0.15778463854726849,0,loso_subject_03.npz
3,436,0,0.3557913144810224,0,loso_subject_03.npz
3,437,0,0.5750978388314834,1,loso_subject_03.npz
3,438,0,0.6531627888664235,1,loso_subject_03.npz
3,439,0,0.020767767923620166,0,loso_subject_03.npz
3,440,0,0.027979956158352446,0,loso_subject_03.npz
3,441,0,0.12975056827680054,0,loso_subject_03.npz
3,443,0,0.075625418633729,0,loso_subject_03.npz
3,444,0,0.9867602182856763,1,loso_subject_03.npz
3,445,0,0.1621567010649984,0,loso_subject_03.npz
3,446,0,0.3322867996996258,0,loso_subject_03.npz
3,447,0,0.7194245870738817,1,loso_subject_03.npz
3,448,0,0.00506247822397791,0,loso_subject_03.npz
3,449,0,0.632747121814721,1,loso_subject_03.npz
3,450,0,0.4668781113084585,0,loso_subject_03.npz
3,451,0,0.04143000243008016,0,loso_subject_03.npz
3,452,0,0.026297138108180795,0,loso_subject_03.npz
3,453,0,0.4908537370058537,0,loso_subject_03.npz
3,454,0,0.06547440429378698,0,loso_subject_03.npz
3,455,0,0.7539550448525264,1,loso_subject_03.npz
3,456,0,0.3435736582365506,0,loso_subject_03.npz
3,457,0,0.6015945139652431,1,loso_subject_03.npz
3,458,0,0.03552303074521134,0,loso_subject_03.npz
3,459,0,0.2290333871670392,0,loso_subject_03.npz
3,460,0,0.9238565477950742,1,loso_subject_03.npz
3,461,0,0.4428718958863197,0,loso_subject_03.npz
3,462,0,0.6551297272672205,1,loso_subject_03.npz
3,463,0,0.361199398616803,0,loso_subject_03.npz
3,464,0,0.6062285438358082,1,loso_subject_03.npz
3,465,0,0.0020931647171621615,0,loso_subject_03.npz
3,466,0,0.08635820817760753,0,loso_subject_03.npz
3,467,0,0.2385519022231873,0,loso_subject_03.npz
3,468,0,0.3250030860425443,0,loso_subject_03.npz
3,469,0,0.7598292089498571,1,loso_subject_03.npz
3,470,0,0.26977976468951176,0,loso_subject_03.npz
3,471,0,0.40985075520168285,0,loso_subject_03.npz
3,472,0,0.37216667937370657,0,loso_subject_03.npz
3,473,0,0.4524852509665238,0,loso_subject_03.npz
3,474,0,0.7510748563414674,1,loso_subject_03.npz
3,475,0,0.26532012589567017,0,loso_subject_03.npz
3,476,0,0.49096659999718445,0,loso_subject_03.npz
3,477,0,0.020270412200437765,0,loso_subject_03.npz
3,478,0,0.10485520801864229,0,loso_subject_03.npz
3,479,0,0.8264143830362123,1,loso_subject_03.npz
3,480,0,0.04248881263184097,0,loso_subject_03.npz
3,481,0,0.3289008592338639,0,loso_subject_03.npz
3,482,0,0.46546162471525226,0,loso_subject_03.npz
3,483,0,0.789127916633604,1,loso_subject_03.npz
3,484,0,0.16165257326753982,0,loso_subject_03.npz
3,485,0,0.46092330558795425,0,loso_subject_03.npz
3,486,0,0.19760748755766544,0,loso_subject_03.npz
3,487,0,0.8490078721524562,1,loso_subject_03.npz
3,488,0,0.3794069635172032,0,loso_subject_03.npz
3,489,0,0.9564996396056952,1,loso_subject_03.npz
3,490,0,0.1959904789095491,0,loso_subject_03.npz
3,491,0,0.07951712312558165,0,loso_subject_03.npz
3,492,0,0.030797287170506164,0,loso_subject_03.npz
3,493,0,0.15344989891343916,0,loso_subject_03.npz
3,494,0,0.7097111393620107,1,loso_subject_03.npz
3,495,0,0.43177523375753024,0,loso_subject_03.npz
3,497,0,0.7164413456726615,1,loso_subject_03.npz
3,498,0,0.8274104899447479,1,loso_subject_03.npz
3,499,0,0.0938311256552638,0,loso_subject_03.npz
3,500,0,0.762982008016472,1,loso_subject_03.npz
3,501,0,0.16561318318210724,0,loso_subject_03.npz
3,502,0,0.06110088190475027,0,loso_subject_03.npz
3,503,0,0.745476851320549,1,loso_subject_03.npz
3,504,0,0.9064351220908373,1,loso_subject_03.npz
3,505,0,0.007319061686740162,0,loso_subject_03.npz
3,506,0,0.13351209027797029,0,loso_subject_03.npz
3,507,0,0.8089047730080797,1,loso_subject_03.npz
3,508,0,0.4792406274107471,0,loso_subject_03.npz
3,509,0,0.7649005556410234,1,loso_subject_03.npz
3,510,0,0.7231973426456932,1,loso_subject_03.npz
3,511,0,0.6468525221291984,1,loso_subject_03.npz
3,512,0,0.7540332022154204,1,loso_subject_03.npz
3,513,0,0.18603888831793705,0,loso_subject_03.npz
3,514,0,0.05099379681528517,0,loso_subject_03.npz
3,516,0,0.3058118714307928,0,loso_subject_03.npz
3,517,0,0.7852656072617441,1,loso_subject_03.npz
3,518,0,0.975282585866135,1,loso_subject_03.npz
3,519,0,0.12859114033462007,0,loso_subject_03.npz
3,520,0,0.4720781422799474,0,loso_subject_03.npz
3,521,0,0.07227393018163046,0,loso_subject_03.npz
3,522,0,0.6768758915926014,1,loso_subject_03.npz
3,523,0,0.10021708788602901,0,loso_subject_03.npz
3,524,0,0.4830293952229921,0,loso_subject_03.npz
3,525,0,0.10449608697821822,0,loso_subject_03.npz
3,526,0,0.1237332524380836,0,loso_subject_03.npz
3,527,0,0.7289888864292403,1,loso_subject_03.npz
3,528,0,0.6732967736710841,1,loso_subject_03.npz
3,529,0,0.994345254242988,1,loso_subject_03.npz
3,530,0,0.916797816434796,1,loso_subject_03.npz
3,531,0,0.22006844323399136,0,loso_subject_03.npz
3,532,0,0.008613702404098247,0,loso_subject_03.npz
3,533,0,0.36192094012653486,0,loso_subject_03.npz
3,534,0,0.3209647063226119,0,loso_subject_03.npz
3,535,0,0.23334297838262477,0,loso_subject_03.npz
3,536,0,0.0307416478232107,0,loso_subject_03.npz
3,537,0,0.9107662060196257,1,loso_subject_03.npz
3,538,0,0.42233656322713015,0,loso_subject_03.npz
3,539,0,0.0042212435116702795,0,loso_subject_03.npz
3,540,0,0.8293823596603207,1,loso_subject_03.npz
3,541,0,0.7601405973415759,1,loso_subject_03.npz
3,542,0,0.14101253035729655,0,loso_subject_03.npz
3,543,0,0.7191917210475065,1,loso_subject_03.npz
3,544,0,0.2853654516011746,0,loso_subject_03.npz
3,545,0,0.6517903409696888,1,loso_subject_03.npz
3,546,0,0.7706224026423619,1,loso_subject_03.npz
3,547,0,0.24822211359434276,0,loso_subject_03.npz
3,548,0,0.05345608292963737,0,loso_subject_03.npz
3,550,0,0.6339007171575676,1,loso_subject_03.npz
3,551,0,0.4876384176935506,0,loso_subject_03.npz
3,552,0,0.7392787240063676,1,loso_subject_03.npz
3,553,0,0.24029102282242884,0,loso_subject_03.npz
3,554,0,0.1689922395608401,0,loso_subject_03.npz
3,555,0,0.715895901063236,1,loso_subject_03.npz
3,556,0,0.5458921491108979,1,loso_subject_03.npz
3,557,0,0.09887496177363105,0,loso_subject_03.npz
3,558,0,0.5935910128252643,1,loso_subject_03.npz
3,559,0,0.8735275171434379,1,loso_subject_03.npz
3,560,0,0.6381704747547973,1,loso_subject_03.npz
3,561,0,0.18430099876863698,0,loso_subject_03.npz
3,562,0,0.9871501550997362,1,loso_subject_03.npz
3,563,0,0.2854799983306492,0,loso_subject_03.npz
3,565,0,0.9875990289928175,1,loso_subject_03.npz
3,566,0,0.9661635676373919,1,loso_subject_03.npz
3,567,0,0.2828676838324486,0,loso_subject_03.npz
3,568,0,0.6968339326880497,1,loso_subject_03.npz
3,569,0,0.03556550860917341,0,loso_subject_03.npz
3,570,0,0.16446580470537445,0,loso_subject_03.npz
3,571,0,0.898867203439572,1,loso_subject_03.npz
3,572,0,0.7999377141066684,1,loso_subject_03.npz
3,573,0,0.1603228802616764,0,loso_subject_03.npz
3,574,0,0.07193218728194596,0,loso_subject_03.npz
3,575,0,0.7725936765953809,1,loso_subject_03.npz
3,576,0,0.9731629566752662,1,loso_subject_03.npz
3,577,0,0.10353764582378076,0,loso_subject_03.npz
3,579,0,0.1368332114465306,0,loso_subject_03.npz
3,580,0,0.1179620681673766,0,loso_subject_03.npz
3,581,0,0.08419961715698245,0,loso_subject_03.npz
3,582,0,0.9873981211945425,1,loso_subject_03.npz
3,583,0,0.9441217411039703,1,loso_subject_03.npz
3,584,0,0.7925583874869502,1,loso_subject_03.npz
3,585,0,0.4522950908845765,0,loso_subject_03.npz
3,586,0,0.060711278133073636,0,loso_subject_03.npz
3,587,0,0.9452566612157947,1,loso_subject_03.npz
3,588,0,0.7427496894742602,1,loso_subject_03.npz
3,589,0,0.43697034216678127,0,loso_subject_03.npz
3,590,0,0.11082140116476787,0,loso_subject_03.npz
3,591,0,0.3165221312037055,0,loso_subject_03.npz
3,592,0,0.8202029938854223,1,loso_subject_03.npz
3,593,0,0.31738938608387973,0,loso_subject_03.npz
3,594,0,0.9744657415471669,1,loso_subject_03.npz
3,595,0,0.03735986200447318,0,loso_subject_03.npz
3,596,0,0.39465153199778613,0,loso_subject_03.npz
3,597,0,0.12963123757825973,0,loso_subject_03.npz
3,598,0,0.03324314365956407,0,loso_subject_03.npz
3,599,0,0.16776939516224212,0,loso_subject_03.npz
3,600,0,0.7442874467575838,1,loso_subject_03.npz
3,601,0,0.03293302304930005,0,loso_subject_03.npz
3,602,0,0.7433213043203436,1,loso_subject_03.npz
3,603,0,0.7937618920391974,1,loso_subject_03.npz
3,604,0,0.032400180313577,0,loso_subject_03.npz
3,606,0,0.05125674089176281,0,loso_subject_03.npz
3,607,0,0.5038053012836567,1,loso_subject_03.npz
3,608,0,0.010481224669793553,0,loso_subject_03.npz
3,609,0,0.4764062145660879,0,loso_subject_03.npz
3,610,0,0.7481867150871632,1,loso_subject_03.npz
3,611,0,0.49830899887729013,0,loso_subject_03.npz
3,612,0,0.8048793074900928,1,loso_subject_03.npz
3,613,0,0.473718667475227,0,loso_subject_03.npz
3,614,0,0.5648879051298202,1,loso_subject_03.npz
3,615,0,0.6692792737569279,1,loso_subject_03.npz
3,616,0,0.06522467886557365,0,loso_subject_03.npz
3,617,0,0.14951794575496383,0,loso_subject_03.npz
3,618,0,0.6375818287397216,1,loso_subject_03.npz
3,619,0,0.8995613569750578,1,loso_subject_03.npz
3,620,1,0.970366342720158,1,loso_subject_03.npz
3,621,1,0.9706647381135761,1,loso_subject_03.npz
3,622,1,0.922278182888236,1,loso_subject_03.npz
3,623,1,0.6552391561297861,1,loso_subject_03.npz
3,625,1,0.9928154827046728,1,loso_subject_03.npz
3,626,1,0.8692911344770988,1,loso_subject_03.npz
3,627,1,0.9627230098155725,1,loso_subject_03.npz
3,628,1,0.9915975198680479,1,loso_subject_03.npz
3,629,1,0.9954014033466881,1,loso_subject_03.npz
3,630,1,0.6867169384457049,1,loso_subject_03.npz
3,631,1,0.9733583705179956,1,loso_subject_03.npz
3,632,1,0.9715506056709357,1,loso_subject_03.npz
3,633,1,0.9784048243829863,1,loso_subject_03.npz
3,634,1,0.9854662853758578,1,loso_subject_03.npz
3,635,1,0.8746985959287856,1,loso_subject_03.npz
3,636,1,0.9825825696433897,1,loso_subject_03.npz
3,637,1,0.9935648106405099,1,loso_subject_03.npz
3,638,1,0.644950733548311,1,loso_subject_03.npz
3,639,1,0.09056770446810114,0,loso_subject_03.npz
3,640,1,0.07631501021108707,0,loso_subject_03.npz
3,641,1,0.96289355760829,1,loso_subject_03.npz
3,642,1,0.48281468801626715,0,loso_subject_03.npz
3,643,1,0.9663513144091344,1,loso_subject_03.npz
3,644,1,0.8894633083329134,1,loso_subject_03.npz
3,645,1,0.9937667484548125,1,loso_subject_03.npz
3,646,1,0.9880414001825365,1,loso_subject_03.npz
3,647,1,0.9492334664369494,1,loso_subject_03.npz
3,648,1,0.9936103607797208,1,loso_subject_03.npz
3,649,1,0.4491571537377493,0,loso_subject_03.npz
3,650,1,0.9928742261126009,1,loso_subject_03.npz
3,651,1,0.9495889524062637,1,loso_subject_03.npz
3,652,1,0.9803968409080708,1,loso_subject_03.npz
3,653,1,0.7973071949061031,1,loso_subject_03.npz
3,654,1,0.9704772103921203,1,loso_subject_03.npz
3,655,1,0.7379561560956212,1,loso_subject_03.npz
3,656,1,0.9784234400019476,1,loso_subject_03.npz
3,657,1,0.9098128062196137,1,loso_subject_03.npz
3,658,1,0.9606437971615759,1,loso_subject_03.npz
3,659,1,0.9643653268079475,1,loso_subject_03.npz
3,660,1,0.9910843486623339,1,loso_subject_03.npz
3,661,1,0.9924555439962945,1,loso_subject_03.npz
3,662,1,0.8703721467196479,1,loso_subject_03.npz
3,663,1,0.9006901981219508,1,loso_subject_03.npz
3,664,1,0.9702498389510674,1,loso_subject_03.npz
3,665,1,0.9276446897015614,1,loso_subject_03.npz
3,666,1,0.8871139954713347,1,loso_subject_03.npz
3,667,1,0.8790652869996891,1,loso_subject_03.npz
3,668,1,0.9969389251513194,1,loso_subject_03.npz
3,669,1,0.006111435874903336,0,loso_subject_03.npz
3,670,1,0.23717310673637762,0,loso_subject_03.npz
3,671,1,0.5269948691693512,1,loso_subject_03.npz
3,672,1,0.022039313733012433,0,loso_subject_03.npz
3,673,1,0.49736155152437644,0,loso_subject_03.npz
3,674,1,0.4439312865550005,0,loso_subject_03.npz
3,675,1,0.26484325338967535,0,loso_subject_03.npz
3,676,1,0.625786065773371,1,loso_subject_03.npz
3,677,1,0.844484175722136,1,loso_subject_03.npz
3,678,1,0.42929070669727054,0,loso_subject_03.npz
3,679,1,0.8393788542678086,1,loso_subject_03.npz
3,680,1,0.7979434304027714,1,loso_subject_03.npz
3,681,1,0.2813823063898486,0,loso_subject_03.npz
3,682,1,0.9884033194286709,1,loso_subject_03.npz
3,683,1,0.7622055417857616,1,loso_subject_03.npz
3,684,1,0.4740216386867498,0,loso_subject_03.npz
3,685,1,0.7109582621456142,1,loso_subject_03.npz
3,686,1,0.9615249968626473,1,loso_subject_03.npz
3,687,1,0.9652015623631508,1,loso_subject_03.npz
3,688,1,0.9183529681655234,1,loso_subject_03.npz
3,689,1,0.9667915884016546,1,loso_subject_03.npz
3,690,1,0.020373980118697888,0,loso_subject_03.npz
3,691,1,0.017968311165348576,0,loso_subject_03.npz
3,693,1,0.004497810090632687,0,loso_subject_03.npz
3,694,1,0.3445548382363188,0,loso_subject_03.npz
3,695,1,0.5868141128181374,1,loso_subject_03.npz
3,696,1,0.9595747631573754,1,loso_subject_03.npz
3,697,1,0.07932564893007772,0,loso_subject_03.npz
3,698,1,0.9381733422949992,1,loso_subject_03.npz
3,699,1,0.9830322716759934,1,loso_subject_03.npz
3,700,1,0.9345201358388554,1,loso_subject_03.npz
3,701,1,0.9391479050329076,1,loso_subject_03.npz
3,702,1,0.9719713599094804,1,loso_subject_03.npz
3,703,1,0.9968237405059975,1,loso_subject_03.npz
3,704,1,0.9220562557559889,1,loso_subject_03.npz
3,705,1,0.774765264092982,1,loso_subject_03.npz
3,706,1,0.8602309134260953,1,loso_subject_03.npz
3,707,1,0.9238038050682685,1,loso_subject_03.npz
3,708,1,0.9799463908843669,1,loso_subject_03.npz
3,709,1,0.9679935073157104,1,loso_subject_03.npz
3,710,1,0.8409464961385625,1,loso_subject_03.npz
3,711,1,0.8840947589508719,1,loso_subject_03.npz
3,712,1,0.5367567729691559,1,loso_subject_03.npz
3,713,1,0.8424584788148765,1,loso_subject_03.npz
3,714,1,0.6108656032321993,1,loso_subject_03.npz
3,715,1,0.9296310944288925,1,loso_subject_03.npz
3,716,1,0.7809475241488179,1,loso_subject_03.npz
3,717,1,0.7064275523931024,1,loso_subject_03.npz
3,718,1,0.9876202704091213,1,loso_subject_03.npz
3,719,1,0.7471260676969699,1,loso_subject_03.npz
3,720,1,0.9820482197703965,1,loso_subject_03.npz
3,721,1,0.9934227069603152,1,loso_subject_03.npz
3,722,1,0.9475707856106607,1,loso_subject_03.npz
3,723,1,0.9938705604062933,1,loso_subject_03.npz
3,724,1,0.7034885441895928,1,loso_subject_03.npz
3,725,1,0.9767210108103652,1,loso_subject_03.npz
3,726,1,0.7717634063089068,1,loso_subject_03.npz
3,727,1,0.9854803993012627,1,loso_subject_03.npz
3,728,1,0.993918956085954,1,loso_subject_03.npz
3,729,1,0.07809597677542901,0,loso_subject_03.npz
3,730,1,0.9743088504855527,1,loso_subject_03.npz
3,731,1,0.9600797270452869,1,loso_subject_03.npz
3,732,1,0.9245719383561154,1,loso_subject_03.npz
3,733,1,0.5783296394858906,1,loso_subject_03.npz
3,734,1,0.9387107119492579,1,loso_subject_03.npz
3,736,1,0.8898889158420019,1,loso_subject_03.npz
3,737,1,0.9609956066288474,1,loso_subject_03.npz
3,739,1,0.9125834716909089,1,loso_subject_03.npz
3,740,1,0.9512092729483145,1,loso_subject_03.npz
3,741,1,0.9774830166200196,1,loso_subject_03.npz
3,742,1,0.9897631973404059,1,loso_subject_03.npz
3,743,1,0.9915525506222155,1,loso_subject_03.npz
3,744,1,0.6541090308593744,1,loso_subject_03.npz
3,745,1,0.9931565439753812,1,loso_subject_03.npz
3,746,1,0.9614361372637547,1,loso_subject_03.npz
3,747,1,0.9698251487085499,1,loso_subject_03.npz
3,749,1,0.981277311287826,1,loso_subject_03.npz
3,750,1,0.7280861409712106,1,loso_subject_03.npz
3,751,1,0.9551690150141282,1,loso_subject_03.npz
3,752,1,0.7038340332857362,1,loso_subject_03.npz
3,753,1,0.47726627849396996,0,loso_subject_03.npz
3,754,1,0.8302417586599253,1,loso_subject_03.npz
3,755,1,0.9937973051378672,1,loso_subject_03.npz
3,756,1,0.855867174112755,1,loso_subject_03.npz
3,757,1,0.9790398483842618,1,loso_subject_03.npz
3,758,1,0.9340046303211317,1,loso_subject_03.npz
3,759,1,0.441985678770083,0,loso_subject_03.npz
3,760,1,0.9759056318240997,1,loso_subject_03.npz
3,761,1,0.9526378362306825,1,loso_subject_03.npz
3,762,1,0.9352643706275009,1,loso_subject_03.npz
3,763,1,0.8481415222441587,1,loso_subject_03.npz
3,764,1,0.34280595613998405,0,loso_subject_03.npz
3,765,1,0.7810151780008783,1,loso_subject_03.npz
3,766,1,0.6843344485097198,1,loso_subject_03.npz
3,767,1,0.9271914467896751,1,loso_subject_03.npz
3,768,1,0.8925638233338034,1,loso_subject_03.npz
3,769,1,0.9805787334569078,1,loso_subject_03.npz
3,770,1,0.7765650276669319,1,loso_subject_03.npz
3,771,1,0.8904424603742277,1,loso_subject_03.npz
3,772,1,0.9795978294513076,1,loso_subject_03.npz
3,773,1,0.9930628740362939,1,loso_subject_03.npz
3,774,1,0.7451683222177696,1,loso_subject_03.npz
3,775,1,0.9874901040294718,1,loso_subject_03.npz
3,776,1,0.8090634226643498,1,loso_subject_03.npz
3,777,1,0.9804331895174826,1,loso_subject_03.npz
3,778,1,0.9422455854363828,1,loso_subject_03.npz
3,779,1,0.9927249873238131,1,loso_subject_03.npz
3,780,1,0.14336473467771865,0,loso_subject_03.npz
3,782,1,0.9780864797456438,1,loso_subject_03.npz
3,783,1,0.9872981671253735,1,loso_subject_03.npz
3,784,1,0.19398261151266122,0,loso_subject_03.npz
3,785,1,0.52852024338346,1,loso_subject_03.npz
3,786,1,0.034520842102860015,0,loso_subject_03.npz
3,787,1,0.8238435992913291,1,loso_subject_03.npz
3,788,1,0.9730360948901068,1,loso_subject_03.npz
3,789,1,0.7897607167341303,1,loso_subject_03.npz
3,790,1,0.9956058885333791,1,loso_subject_03.npz
3,791,1,0.791288733470435,1,loso_subject_03.npz
3,793,1,0.6854067451027337,1,loso_subject_03.npz
3,794,1,0.927241479798247,1,loso_subject_03.npz
3,795,1,0.29121635288298664,0,loso_subject_03.npz
3,796,1,0.7922398535676252,1,loso_subject_03.npz
3,797,1,0.7783181516048179,1,loso_subject_03.npz
3,798,1,0.9951595004717004,1,loso_subject_03.npz
3,799,1,0.7571150414885626,1,loso_subject_03.npz
3,800,1,0.9704755913103189,1,loso_subject_03.npz
3,801,1,0.9945877827137279,1,loso_subject_03.npz
3,802,1,0.8706393339365541,1,loso_subject_03.npz
3,803,1,0.9258184336952848,1,loso_subject_03.npz
3,804,1,0.9420493800637199,1,loso_subject_03.npz
3,805,1,0.8416957454656784,1,loso_subject_03.npz
3,806,1,0.9817926178463416,1,loso_subject_03.npz
3,807,1,0.778421651652588,1,loso_subject_03.npz
3,808,1,0.9341676009063158,1,loso_subject_03.npz
3,809,1,0.8678697772686645,1,loso_subject_03.npz
3,810,1,0.9643116263115566,1,loso_subject_03.npz
3,811,1,0.9155774382642281,1,loso_subject_03.npz
3,812,1,0.9612255410185961,1,loso_subject_03.npz
3,813,1,0.09031466864696121,0,loso_subject_03.npz
3,814,1,0.03725674549668464,0,loso_subject_03.npz
3,815,1,0.5934242496222447,1,loso_subject_03.npz
3,816,1,0.47869215753737515,0,loso_subject_03.npz
3,817,1,0.9463863761938843,1,loso_subject_03.npz
3,818,1,0.876469952352093,1,loso_subject_03.npz
3,819,1,0.9432425962749895,1,loso_subject_03.npz
3,820,1,0.8902934277088189,1,loso_subject_03.npz
3,821,1,0.7748766423626577,1,loso_subject_03.npz
3,822,1,0.9964001215806549,1,loso_subject_03.npz
3,823,1,0.9948063104496645,1,loso_subject_03.npz
3,824,1,0.7400477017987362,1,loso_subject_03.npz
3,825,1,0.9103315418797021,1,loso_subject_03.npz
3,826,1,0.19672616865591697,0,loso_subject_03.npz
3,827,1,0.9585919880387616,1,loso_subject_03.npz
3,828,1,0.914578746424749,1,loso_subject_03.npz
3,829,1,0.9815733406802254,1,loso_subject_03.npz
3,830,1,0.8307113847458635,1,loso_subject_03.npz
3,831,1,0.9878019323552225,1,loso_subject_03.npz
3,832,1,0.9910582385473989,1,loso_subject_03.npz
3,833,1,0.6943919599030772,1,loso_subject_03.npz
3,835,1,0.9805548802023769,1,loso_subject_03.npz
3,836,1,0.9781190878750683,1,loso_subject_03.npz
3,837,1,0.9398644507937269,1,loso_subject_03.npz
3,838,1,0.9474773409844797,1,loso_subject_03.npz
3,839,1,0.9708346965715077,1,loso_subject_03.npz
3,840,1,0.40158858712496714,0,loso_subject_03.npz
3,841,1,0.8645840519917143,1,loso_subject_03.npz
3,842,1,0.997384411638771,1,loso_subject_03.npz
3,843,1,0.8119709213690568,1,loso_subject_03.npz
3,844,1,0.9291957997229049,1,loso_subject_03.npz
3,845,1,0.6357314409336825,1,loso_subject_03.npz
4,846,0,0.031345374944718424,0,loso_subject_04.npz
4,847,0,0.03202992717932009,0,loso_subject_04.npz
4,848,0,0.11903175869429605,0,loso_subject_04.npz
4,849,0,0.06638565100758294,0,loso_subject_04.npz
4,850,0,0.016931589412736637,0,loso_subject_04.npz
4,851,0,0.18716749975308342,0,loso_subject_04.npz
4,852,0,0.15946788838430667,0,loso_subject_04.npz
4,853,0,0.022055907471401247,0,loso_subject_04.npz
4,854,0,0.05274890231455573,0,loso_subject_04.npz
4,855,0,0.14548515123296332,0,loso_subject_04.npz
4,856,0,0.11821928260509335,0,loso_subject_04.npz
4,857,0,0.8165466423724975,1,loso_subject_04.npz
4,858,0,0.4524733618000312,0,loso_subject_04.npz
4,859,0,0.10269375874352009,0,loso_subject_04.npz
4,860,0,0.037373727976610066,0,loso_subject_04.npz
4,861,0,0.24537607682055432,0,loso_subject_04.npz
4,862,0,0.33922630577331847,0,loso_subject_04.npz
4,863,0,0.002357090995718795,0,loso_subject_04.npz
4,865,0,0.8226069109437592,1,loso_subject_04.npz
4,866,0,0.18338868187460225,0,loso_subject_04.npz
4,867,0,0.12296700799432074,0,loso_subject_04.npz
4,868,0,0.041391886355048355,0,loso_subject_04.npz
4,869,0,0.05627869859168169,0,loso_subject_04.npz
4,870,0,0.22797049643918116,0,loso_subject_04.npz
4,871,0,0.4567490755978975,0,loso_subject_04.npz
4,872,0,0.11535000849411149,0,loso_subject_04.npz
4,873,0,0.08323497770289322,0,loso_subject_04.npz
4,874,0,0.37449983866388875,0,loso_subject_04.npz
4,875,0,0.05414141502076649,0,loso_subject_04.npz
4,876,0,0.10221321331901495,0,loso_subject_04.npz
4,877,0,0.04947543896452468,0,loso_subject_04.npz
4,878,0,0.023194672169955285,0,loso_subject_04.npz
4,879,0,0.092526847772446,0,loso_subject_04.npz
4,880,0,0.08536483172792922,0,loso_subject_04.npz
4,881,0,0.06864836293750613,0,loso_subject_04.npz
4,882,0,0.06776954361115364,0,loso_subject_04.npz
4,883,0,0.10564152936582022,0,loso_subject_04.npz
4,884,0,0.01726849468237922,0,loso_subject_04.npz
4,885,0,0.5776197564066301,1,loso_subject_04.npz
4,886,0,0.4246405754023761,0,loso_subject_04.npz
4,887,0,0.02093255811675499,0,loso_subject_04.npz
4,888,0,0.05546386335981109,0,loso_subject_04.npz
4,889,0,0.33680737339259886,0,loso_subject_04.npz
4,890,0,0.5482521247043513,1,loso_subject_04.npz
4,891,0,0.00746717691398237,0,loso_subject_04.npz
4,892,0,0.10673743874004513,0,loso_subject_04.npz
4,893,0,0.09335847236528771,0,loso_subject_04.npz
4,894,0,0.05131942839348324,0,loso_subject_04.npz
4,895,0,0.04295874954878485,0,loso_subject_04.npz
4,896,0,0.023601525469517163,0,loso_subject_04.npz
4,897,0,0.00402413938720883,0,loso_subject_04.npz
4,898,0,0.30893982763851074,0,loso_subject_04.npz
4,899,0,0.006069516429691004,0,loso_subject_04.npz
4,900,0,0.023508317163716114,0,loso_subject_04.npz
4,901,0,0.16794947349961123,0,loso_subject_04.npz
4,903,0,0.005749080342473232,0,loso_subject_04.npz
4,904,0,0.11753764757392293,0,loso_subject_04.npz
4,905,0,0.22478646370998392,0,loso_subject_04.npz
4,906,0,0.11671001369479922,0,loso_subject_04.npz
4,907,0,0.007910820405595384,0,loso_subject_04.npz
4,908,0,0.0361855193043571,0,loso_subject_04.npz
4,909,0,0.06077187715290065,0,loso_subject_04.npz
4,910,0,0.19018762821543092,0,loso_subject_04.npz
4,911,0,0.10547939678586157,0,loso_subject_04.npz
4,912,0,0.39153008481052953,0,loso_subject_04.npz
4,913,0,0.21127887358650965,0,loso_subject_04.npz
4,914,0,0.21472860903888394,0,loso_subject_04.npz
4,915,0,0.06591643567768982,0,loso_subject_04.npz
4,916,0,0.11252822636877574,0,loso_subject_04.npz
4,917,0,0.1086853359183525,0,loso_subject_04.npz
4,918,0,0.20225585131683688,0,loso_subject_04.npz
4,919,0,0.01288604715189527,0,loso_subject_04.npz
4,920,0,0.0035115775722041873,0,loso_subject_04.npz
4,921,0,0.043235433272747543,0,loso_subject_04.npz
4,922,0,0.19457681163907375,0,loso_subject_04.npz
4,923,0,0.1392947767932147,0,loso_subject_04.npz
4,924,0,0.03842218474221788,0,loso_subject_04.npz
4,925,0,0.014706222987038034,0,loso_subject_04.npz
4,926,0,0.026495821587346948,0,loso_subject_04.npz
4,927,0,0.11742951929001964,0,loso_subject_04.npz
4,929,0,0.33325387563688946,0,loso_subject_04.npz
4,930,0,0.05158906509811782,0,loso_subject_04.npz
4,931,0,0.10000931990864395,0,loso_subject_04.npz
4,932,0,0.08166932618908129,0,loso_subject_04.npz
4,933,0,0.0032256009288848925,0,loso_subject_04.npz
4,934,0,0.026019145511637257,0,loso_subject_04.npz
4,935,0,0.17363802003456613,0,loso_subject_04.npz
4,936,0,0.4446362502125593,0,loso_subject_04.npz
4,937,0,0.012492642964320162,0,loso_subject_04.npz
4,938,0,0.6047658824160159,1,loso_subject_04.npz
4,939,0,0.20635978750012943,0,loso_subject_04.npz
4,940,0,0.10180635439120615,0,loso_subject_04.npz
4,941,0,0.002831619877212077,0,loso_subject_04.npz
4,942,0,0.08151970679986874,0,loso_subject_04.npz
4,943,0,0.1883521787510093,0,loso_subject_04.npz
4,944,0,0.025070691212836397,0,loso_subject_04.npz
4,945,0,0.2706235697845782,0,loso_subject_04.npz
4,946,0,0.06758098200437791,0,loso_subject_04.npz
4,947,0,0.05844291043162733,0,loso_subject_04.npz
4,948,0,0.07516922027308884,0,loso_subject_04.npz
4,949,0,0.10281067520111793,0,loso_subject_04.npz
4,950,0,0.01675543717434458,0,loso_subject_04.npz
4,951,0,0.5442254460655289,1,loso_subject_04.npz
4,952,0,0.12332600925566997,0,loso_subject_04.npz
4,953,0,0.8971888023717298,1,loso_subject_04.npz
4,954,0,0.021911455684095832,0,loso_subject_04.npz
4,955,0,0.8139410594518434,1,loso_subject_04.npz
4,956,0,0.056791967855942496,0,loso_subject_04.npz
4,957,0,0.647358138436011,1,loso_subject_04.npz
4,958,0,0.17329150504745308,0,loso_subject_04.npz
4,959,0,0.1491691130818034,0,loso_subject_04.npz
4,960,0,0.04654713828508729,0,loso_subject_04.npz
4,961,0,0.00030889616726271807,0,loso_subject_04.npz
4,962,0,0.023744049130199313,0,loso_subject_04.npz
4,963,0,0.03476644269219615,0,loso_subject_04.npz
4,964,0,0.11991040463965517,0,loso_subject_04.npz
4,965,0,0.017376153185526207,0,loso_subject_04.npz
4,966,0,0.061949814834702494,0,loso_subject_04.npz
4,967,0,0.003211164171692698,0,loso_subject_04.npz
4,968,0,0.697214540007863,1,loso_subject_04.npz
4,969,0,0.7267571752433845,1,loso_subject_04.npz
4,970,0,0.16720476631737127,0,loso_subject_04.npz
4,971,0,0.071305502470058,0,loso_subject_04.npz
4,972,0,0.018033082614280528,0,loso_subject_04.npz
4,973,0,0.10371771846140176,0,loso_subject_04.npz
4,974,0,0.16660977299271762,0,loso_subject_04.npz
4,975,0,0.08839659936259313,0,loso_subject_04.npz
4,976,0,0.18405025052200377,0,loso_subject_04.npz
4,977,0,0.07684027166865437,0,loso_subject_04.npz
4,978,0,0.03520747855167892,0,loso_subject_04.npz
4,979,0,0.048509277530382235,0,loso_subject_04.npz
4,980,0,0.19844190403932666,0,loso_subject_04.npz
4,981,0,0.22324341932622405,0,loso_subject_04.npz
4,982,0,0.04514682860100072,0,loso_subject_04.npz
4,983,0,0.35455966138057,0,loso_subject_04.npz
4,984,0,0.801865253699967,1,loso_subject_04.npz
4,985,0,0.004915106147659124,0,loso_subject_04.npz
4,986,0,0.4458100790177031,0,loso_subject_04.npz
4,987,0,0.026999652417167227,0,loso_subject_04.npz
4,988,0,0.09127572851578251,0,loso_subject_04.npz
4,989,0,0.36799952817349807,0,loso_subject_04.npz
4,990,0,0.226640306276044,0,loso_subject_04.npz
4,991,0,0.5523394010157426,1,loso_subject_04.npz
4,992,0,0.06958952486679525,0,loso_subject_04.npz
4,993,0,0.04652085696497604,0,loso_subject_04.npz
4,994,0,0.041521927878896275,0,loso_subject_04.npz
4,995,0,0.11506156070129797,0,loso_subject_04.npz
4,996,0,0.042832747338979835,0,loso_subject_04.npz
4,997,0,0.053850227597665154,0,loso_subject_04.npz
4,998,0,0.3891472911822949,0,loso_subject_04.npz
4,999,0,0.06487181681434703,0,loso_subject_04.npz
4,1000,0,0.11111449056439046,0,loso_subject_04.npz
4,1001,0,0.016594532943502553,0,loso_subject_04.npz
4,1002,0,0.059365735216669775,0,loso_subject_04.npz
4,1003,0,0.13038797612565547,0,loso_subject_04.npz
4,1004,0,0.4733827418396047,0,loso_subject_04.npz
4,1005,0,0.027486572114845426,0,loso_subject_04.npz
4,1006,0,0.06175108646021442,0,loso_subject_04.npz
4,1007,0,0.06010914076387188,0,loso_subject_04.npz
4,1008,0,0.12208835405084603,0,loso_subject_04.npz
4,1009,0,0.3394309554733163,0,loso_subject_04.npz
4,1010,0,0.015133793477126877,0,loso_subject_04.npz
4,1011,0,0.0817735170334337,0,loso_subject_04.npz
4,1012,0,0.20537319198184412,0,loso_subject_04.npz
4,1013,0,0.443231695830938,0,loso_subject_04.npz
4,1014,0,0.05223070437685369,0,loso_subject_04.npz
4,1016,0,0.16181446648804232,0,loso_subject_04.npz
4,1017,0,0.05903535672288959,0,loso_subject_04.npz
4,1018,0,0.04522825820805368,0,loso_subject_04.npz
4,1019,0,0.9397256123711308,1,loso_subject_04.npz
4,1020,0,0.15777131046731394,0,loso_subject_04.npz
4,1022,0,0.035257508662023644,0,loso_subject_04.npz
4,1023,0,0.16621175708977334,0,loso_subject_04.npz
4,1024,0,0.42569324196656594,0,loso_subject_04.npz
4,1025,0,0.06985742700263646,0,loso_subject_04.npz
4,1026,0,0.050464405051090594,0,loso_subject_04.npz
4,1027,0,0.005253741470394059,0,loso_subject_04.npz
4,1028,0,0.03778092939931349,0,loso_subject_04.npz
4,1029,0,0.10054480539394867,0,loso_subject_04.npz
4,1030,0,0.1411235588255491,0,loso_subject_04.npz
4,1031,0,0.07946051716169462,0,loso_subject_04.npz
4,1032,0,0.02588154328370877,0,loso_subject_04.npz
4,1033,0,0.41232828222336415,0,loso_subject_04.npz
4,1034,0,0.13657209330627446,0,loso_subject_04.npz
4,1035,0,0.025065872652821643,0,loso_subject_04.npz
4,1036,0,0.08946785436862714,0,loso_subject_04.npz
4,1037,0,0.008320682007201926,0,loso_subject_04.npz
4,1038,0,0.3205370975038783,0,loso_subject_04.npz
4,1039,0,0.0146480294799882,0,loso_subject_04.npz
4,1040,0,0.8410126275161767,1,loso_subject_04.npz
4,1041,0,0.9274211601461695,1,loso_subject_04.npz
4,1042,0,0.02168347302127528,0,loso_subject_04.npz
4,1043,0,0.025163217568937656,0,loso_subject_04.npz
4,1044,0,0.26674579473259924,0,loso_subject_04.npz
4,1046,0,0.12904694414071774,0,loso_subject_04.npz
4,1047,0,0.2588449052388813,0,loso_subject_04.npz
4,1048,0,0.14302898564516978,0,loso_subject_04.npz
4,1049,0,0.004449745418730972,0,loso_subject_04.npz
4,1050,0,0.027865190465474768,0,loso_subject_04.npz
4,1051,0,0.03901643022665738,0,loso_subject_04.npz
4,1052,0,0.013623631190841435,0,loso_subject_04.npz
4,1053,0,0.021514664823713087,0,loso_subject_04.npz
4,1054,0,0.018552794072614794,0,loso_subject_04.npz
4,1055,0,0.005884563654713108,0,loso_subject_04.npz
4,1056,0,0.5955041311877235,1,loso_subject_04.npz
4,1057,0,0.09747213943705048,0,loso_subject_04.npz
4,1058,0,0.3636022910263743,0,loso_subject_04.npz
4,1059,0,0.005740181728351235,0,loso_subject_04.npz
4,1060,0,0.0021991579550809603,0,loso_subject_04.npz
4,1061,0,0.09369138269008428,0,loso_subject_04.npz
4,1062,0,0.022142030172655813,0,loso_subject_04.npz
4,1063,0,0.025164822828160082,0,loso_subject_04.npz
4,1064,0,0.31133173820778987,0,loso_subject_04.npz
4,1065,0,0.036548110603614944,0,loso_subject_04.npz
4,1066,0,0.2615345058206394,0,loso_subject_04.npz
4,1067,0,0.19066278614325707,0,loso_subject_04.npz
4,1068,0,0.1076221908865591,0,loso_subject_04.npz
4,1069,0,0.00377653003706384,0,loso_subject_04.npz
4,1070,0,0.008347733547992163,0,loso_subject_04.npz
4,1071,0,0.0013573109748943302,0,loso_subject_04.npz
4,1072,0,0.0041493672576737,0,loso_subject_04.npz
4,1073,0,0.6750266875950852,1,loso_subject_04.npz
4,1074,0,0.025003284633841244,0,loso_subject_04.npz
4,1077,0,0.0321666975856899,0,loso_subject_04.npz
4,1078,0,0.15276436743249922,0,loso_subject_04.npz
4,1079,0,0.003935850465949577,0,loso_subject_04.npz
4,1080,0,0.1468791140121455,0,loso_subject_04.npz
4,1081,0,0.01904650806272034,0,loso_subject_04.npz
4,1082,0,0.013059559504092235,0,loso_subject_04.npz
4,1083,0,0.06284191581169479,0,loso_subject_04.npz
4,1084,0,0.20970168756326468,0,loso_subject_04.npz
4,1085,0,0.16529044784881758,0,loso_subject_04.npz
4,1086,0,0.02826086595800035,0,loso_subject_04.npz
4,1087,0,0.42318183744714505,0,loso_subject_04.npz
4,1088,0,0.0017200251487056368,0,loso_subject_04.npz
4,1089,0,0.6605527491141859,1,loso_subject_04.npz
4,1090,0,0.004706512478846787,0,loso_subject_04.npz
4,1091,0,0.006694769446113873,0,loso_subject_04.npz
4,1092,0,0.004768000374988758,0,loso_subject_04.npz
4,1093,0,0.7525290350963274,1,loso_subject_04.npz
4,1094,0,0.8730165838664614,1,loso_subject_04.npz
4,1095,1,0.0748855875693257,0,loso_subject_04.npz
4,1096,1,0.5691387418956553,1,loso_subject_04.npz
4,1097,1,0.9716715941203468,1,loso_subject_04.npz
4,1099,1,0.11073511760026344,0,loso_subject_04.npz
4,1100,1,0.8594903701597425,1,loso_subject_04.npz
4,1101,1,0.7523338318631076,1,loso_subject_04.npz
4,1102,1,0.8837124135325974,1,loso_subject_04.npz
4,1103,1,0.17791428172544335,0,loso_subject_04.npz
4,1104,1,0.9021315402581666,1,loso_subject_04.npz
4,1105,1,0.8438242805024759,1,loso_subject_04.npz
4,1106,1,0.15808303019763725,0,loso_subject_04.npz
4,1108,1,0.058993166082577174,0,loso_subject_04.npz
4,1109,1,0.3089824146628222,0,loso_subject_04.npz
4,1110,1,0.5070914975007469,1,loso_subject_04.npz
4,1112,1,0.19393831183445223,0,loso_subject_04.npz
4,1113,1,0.18982069395644993,0,loso_subject_04.npz
4,1114,1,0.7808934417799547,1,loso_subject_04.npz
4,1115,1,0.9492790113665013,1,loso_subject_04.npz
4,1116,1,0.4457253513561347,0,loso_subject_04.npz
4,1117,1,0.8824843047591203,1,loso_subject_04.npz
4,1118,1,0.5031711344441102,1,loso_subject_04.npz
4,1119,1,0.9551068885219295,1,loso_subject_04.npz
4,1120,1,0.23136443195114417,0,loso_subject_04.npz
4,1121,1,0.545419087066148,1,loso_subject_04.npz
4,1122,1,0.7354034746756322,1,loso_subject_04.npz
4,1123,1,0.4742700602304578,0,loso_subject_04.npz
4,1125,1,0.8751455576270628,1,loso_subject_04.npz
4,1126,1,0.41920305335752417,0,loso_subject_04.npz
4,1127,1,0.504637244966321,1,loso_subject_04.npz
4,1128,1,0.3797740590072671,0,loso_subject_04.npz
4,1129,1,0.7916700027000089,1,loso_subject_04.npz
4,1130,1,0.8732033834894001,1,loso_subject_04.npz
4,1132,1,0.9611973513807618,1,loso_subject_04.npz
4,1133,1,0.6346647911769824,1,loso_subject_04.npz
4,1134,1,0.5421405273783252,1,loso_subject_04.npz
4,1135,1,0.09955923438464272,0,loso_subject_04.npz
4,1137,1,0.9505977079431583,1,loso_subject_04.npz
4,1138,1,0.5380647132188751,1,loso_subject_04.npz
4,1139,1,0.8030757165272823,1,loso_subject_04.npz
4,1140,1,0.4036894089723024,0,loso_subject_04.npz
4,1141,1,0.9180712609215186,1,loso_subject_04.npz
4,1142,1,0.8305010330478872,1,loso_subject_04.npz
4,1143,1,0.05418697247289571,0,loso_subject_04.npz
4,1144,1,0.8643366160681255,1,loso_subject_04.npz
4,1145,1,0.6091932624097884,1,loso_subject_04.npz
4,1146,1,0.00792833198403864,0,loso_subject_04.npz
4,1147,1,0.22966225955474698,0,loso_subject_04.npz
4,1148,1,0.9309413857927271,1,loso_subject_04.npz
4,1149,1,0.5341691612333915,1,loso_subject_04.npz
4,1151,1,0.26401585796899624,0,loso_subject_04.npz
4,1152,1,0.6990014465905845,1,loso_subject_04.npz
4,1153,1,0.9555877371762102,1,loso_subject_04.npz
4,1154,1,0.9413092759092576,1,loso_subject_04.npz
4,1155,1,0.8542109615022322,1,loso_subject_04.npz
4,1156,1,0.7853832617881911,1,loso_subject_04.npz
4,1157,1,0.7242061147901316,1,loso_subject_04.npz
4,1158,1,0.839773554676511,1,loso_subject_04.npz
4,1159,1,0.8920597377661285,1,loso_subject_04.npz
4,1160,1,0.9008028100339738,1,loso_subject_04.npz
4,1161,1,0.8539048508417081,1,loso_subject_04.npz
4,1162,1,0.9591521615551625,1,loso_subject_04.npz
4,1163,1,0.3456715982845629,0,loso_subject_04.npz
4,1164,1,0.792062486662416,1,loso_subject_04.npz
4,1165,1,0.9245021192642651,1,loso_subject_04.npz
4,1167,1,0.9991101220881092,1,loso_subject_04.npz
4,1168,1,0.9913633446688234,1,loso_subject_04.npz
4,1169,1,0.9953658262313319,1,loso_subject_04.npz
4,1170,1,0.8155834637816344,1,loso_subject_04.npz
4,1171,1,0.9992458623423087,1,loso_subject_04.npz
4,1172,1,0.9584829205673971,1,loso_subject_04.npz
4,1173,1,0.9931369735306761,1,loso_subject_04.npz
4,1174,1,0.9447367203687401,1,loso_subject_04.npz
4,1175,1,0.9892728722033286,1,loso_subject_04.npz
4,1176,1,0.9645834820614373,1,loso_subject_04.npz
4,1177,1,0.9941226034677576,1,loso_subject_04.npz
4,1178,1,0.999893721886598,1,loso_subject_04.npz
4,1179,1,0.9980470551216797,1,loso_subject_04.npz
4,1180,1,0.9860056089881077,1,loso_subject_04.npz
4,1181,1,0.9863538962528026,1,loso_subject_04.npz
4,1182,1,0.9970618798399377,1,loso_subject_04.npz
4,1183,1,0.8960637672632084,1,loso_subject_04.npz
4,1184,1,0.9913635379953393,1,loso_subject_04.npz
4,1185,1,0.9899831455705658,1,loso_subject_04.npz
4,1186,1,0.9994726643081603,1,loso_subject_04.npz
4,1187,1,0.9402897566975008,1,loso_subject_04.npz
4,1188,1,0.9606502290108507,1,loso_subject_04.npz
4,1189,1,0.9712212901766605,1,loso_subject_04.npz
4,1190,1,0.993852468310504,1,loso_subject_04.npz
4,1191,1,0.9709928344021254,1,loso_subject_04.npz
4,1192,1,0.9984589730801844,1,loso_subject_04.npz
4,1193,1,0.9866667961074371,1,loso_subject_04.npz
4,1194,1,0.9954410902282484,1,loso_subject_04.npz
4,1195,1,0.9938572291973322,1,loso_subject_04.npz
4,1196,1,0.9970849679617348,1,loso_subject_04.npz
4,1197,1,0.9989501455044058,1,loso_subject_04.npz
4,1198,1,0.9973482698026847,1,loso_subject_04.npz
4,1199,1,0.9632494251006595,1,loso_subject_04.npz
4,1200,1,0.9233115663077772,1,loso_subject_04.npz
4,1201,1,0.9218692388662514,1,loso_subject_04.npz
4,1202,1,0.042591733154261326,0,loso_subject_04.npz
4,1203,1,0.9310173520913648,1,loso_subject_04.npz
4,1204,1,0.8315741881375467,1,loso_subject_04.npz
4,1205,1,0.9754043895885051,1,loso_subject_04.npz
4,1207,1,0.9415507838514208,1,loso_subject_04.npz
4,1208,1,0.8779338576553349,1,loso_subject_04.npz
4,1209,1,0.5252195322220488,1,loso_subject_04.npz
4,1210,1,0.9499219987445165,1,loso_subject_04.npz
4,1211,1,0.9473955311171489,1,loso_subject_04.npz
4,1212,1,0.7764356010228254,1,loso_subject_04.npz
4,1213,1,0.6989806090040814,1,loso_subject_04.npz
4,1214,1,0.4746294644245736,0,loso_subject_04.npz
4,1215,1,0.34000120660061234,0,loso_subject_04.npz
4,1216,1,0.842865030564246,1,loso_subject_04.npz
4,1217,1,0.46484406864246786,0,loso_subject_04.npz
4,1218,1,0.8126760580719912,1,loso_subject_04.npz
4,1219,1,0.7914250756837508,1,loso_subject_04.npz
4,1220,1,0.9687482170928968,1,loso_subject_04.npz
4,1222,1,0.9324294295720214,1,loso_subject_04.npz
4,1223,1,0.9664995875723377,1,loso_subject_04.npz
4,1224,1,0.8753622143834127,1,loso_subject_04.npz
4,1225,1,0.18055831281119986,0,loso_subject_04.npz
4,1226,1,0.654552971262752,1,loso_subject_04.npz
4,1227,1,0.9437513427881061,1,loso_subject_04.npz
4,1228,1,0.6229084237608368,1,loso_subject_04.npz
4,1229,1,0.5581540153166414,1,loso_subject_04.npz
4,1230,1,0.3116480346625878,0,loso_subject_04.npz
4,1231,1,0.8688408490564457,1,loso_subject_04.npz
4,1232,1,0.04837219032237339,0,loso_subject_04.npz
4,1233,1,0.8628567828682374,1,loso_subject_04.npz
4,1234,1,0.6040293613916268,1,loso_subject_04.npz
4,1235,1,0.6123612599065786,1,loso_subject_04.npz
4,1236,1,0.9135318777766971,1,loso_subject_04.npz
4,1237,1,0.7259423206647972,1,loso_subject_04.npz
4,1238,1,0.6745906042303689,1,loso_subject_04.npz
4,1239,1,0.5456372979869757,1,loso_subject_04.npz
4,1240,1,0.1148530674644972,0,loso_subject_04.npz
4,1241,1,0.6925819962291747,1,loso_subject_04.npz
4,1242,1,0.7048606884754952,1,loso_subject_04.npz
4,1243,1,0.5800347942054211,1,loso_subject_04.npz
4,1244,1,0.7714171033153002,1,loso_subject_04.npz
4,1245,1,0.5155591523862788,1,loso_subject_04.npz
4,1246,1,0.6324438567047719,1,loso_subject_04.npz
4,1247,1,0.6317858445128592,1,loso_subject_04.npz
4,1248,1,0.20781654210052297,0,loso_subject_04.npz
4,1249,1,0.37564374280937896,0,loso_subject_04.npz
4,1250,1,0.7798691452925726,1,loso_subject_04.npz
4,1251,1,0.8957271623839357,1,loso_subject_04.npz
4,1252,1,0.5851494312361646,1,loso_subject_04.npz
4,1253,1,0.4562516062615173,0,loso_subject_04.npz
4,1254,1,0.03401610022414594,0,loso_subject_04.npz
4,1255,1,0.02016937734237002,0,loso_subject_04.npz
4,1256,1,0.9718620173136057,1,loso_subject_04.npz
4,1257,1,0.8105324024911997,1,loso_subject_04.npz
4,1258,1,0.5325638202995198,1,loso_subject_04.npz
4,1259,1,0.2671981543714339,0,loso_subject_04.npz
4,1260,1,0.8656445514137444,1,loso_subject_04.npz
4,1261,1,0.49658933426564456,0,loso_subject_04.npz
4,1262,1,0.44651086868065065,0,loso_subject_04.npz
4,1263,1,0.045459951893736694,0,loso_subject_04.npz
4,1264,1,0.06221771246090758,0,loso_subject_04.npz
4,1265,1,0.6044496901475207,1,loso_subject_04.npz
4,1266,1,0.858613559182049,1,loso_subject_04.npz
4,1267,1,0.16542010633218254,0,loso_subject_04.npz
4,1269,1,0.9759774924983277,1,loso_subject_04.npz
4,1270,1,0.902312886891904,1,loso_subject_04.npz
4,1271,1,0.837273685092115,1,loso_subject_04.npz
4,1272,1,0.5583550953089776,1,loso_subject_04.npz
4,1273,1,0.8311931522934339,1,loso_subject_04.npz
4,1274,1,0.5146988631294734,1,loso_subject_04.npz
4,1275,1,0.8145724564583395,1,loso_subject_04.npz
4,1276,1,0.8235087731932745,1,loso_subject_04.npz
4,1277,1,0.6235079897675919,1,loso_subject_04.npz
4,1278,1,0.9568909097663771,1,loso_subject_04.npz
4,1279,1,0.9647320105770745,1,loso_subject_04.npz
4,1280,1,0.8472223086520005,1,loso_subject_04.npz
4,1281,1,0.7982217358106,1,loso_subject_04.npz
4,1282,1,0.6970253511250503,1,loso_subject_04.npz
4,1283,1,0.8930027548160747,1,loso_subject_04.npz
4,1284,1,0.11981377914085385,0,loso_subject_04.npz
4,1285,1,0.6019866974069449,1,loso_subject_04.npz
4,1286,1,0.7300889905668819,1,loso_subject_04.npz
4,1287,1,0.6011358989322083,1,loso_subject_04.npz
4,1288,1,0.9211866372435014,1,loso_subject_04.npz
4,1289,1,0.811893876628018,1,loso_subject_04.npz
4,1290,1,0.3654051807810947,0,loso_subject_04.npz
4,1291,1,0.5845778612890686,1,loso_subject_04.npz
4,1292,1,0.8784926896292401,1,loso_subject_04.npz
4,1293,1,0.9965036390100436,1,loso_subject_04.npz
4,1294,1,0.5072499579155975,1,loso_subject_04.npz
4,1295,1,0.7531705475924223,1,loso_subject_04.npz
4,1296,1,0.5833789052868211,1,loso_subject_04.npz
4,1297,1,0.9730830866096541,1,loso_subject_04.npz
4,1298,1,0.8017992834713714,1,loso_subject_04.npz
4,1299,1,0.6360015784559061,1,loso_subject_04.npz
4,1300,1,0.5236465575068401,1,loso_subject_04.npz
4,1301,1,0.5044639899182434,1,loso_subject_04.npz
4,1302,1,0.6804616834676276,1,loso_subject_04.npz
4,1303,1,0.7754529385152273,1,loso_subject_04.npz
4,1304,1,0.7285585879539652,1,loso_subject_04.npz
4,1305,1,0.8406587807771463,1,loso_subject_04.npz
4,1306,1,0.8378518211271601,1,loso_subject_04.npz
4,1307,1,0.8682556235744859,1,loso_subject_04.npz
4,1308,1,0.533259825575866,1,loso_subject_04.npz
4,1309,1,0.7970598464579634,1,loso_subject_04.npz
4,1310,1,0.7764118720651995,1,loso_subject_04.npz
4,1312,1,0.9081931243537884,1,loso_subject_04.npz
4,1313,1,0.6121385837186375,1,loso_subject_04.npz
4,1314,1,0.7127127457494142,1,loso_subject_04.npz
4,1315,1,0.9187226340886616,1,loso_subject_04.npz
4,1316,1,0.8943495575579948,1,loso_subject_04.npz
4,1317,1,0.7050113202663479,1,loso_subject_04.npz
4,1318,1,0.9837907601016034,1,loso_subject_04.npz
4,1319,1,0.9418740626095579,1,loso_subject_04.npz
4,1320,1,0.9752127281568636,1,loso_subject_04.npz
4,1321,1,0.9588147411348369,1,loso_subject_04.npz
4,1322,1,0.8476554328055307,1,loso_subject_04.npz
4,1323,1,0.8585528614081571,1,loso_subject_04.npz
4,1324,1,0.686856525626326,1,loso_subject_04.npz
4,1325,1,0.9974502066329479,1,loso_subject_04.npz
4,1326,1,0.9694694226340543,1,loso_subject_04.npz
4,1327,1,0.9569439400282391,1,loso_subject_04.npz
4,1328,1,0.3013940181370981,0,loso_subject_04.npz
4,1329,1,0.6053688011102194,1,loso_subject_04.npz
4,1330,1,0.5403752190928708,1,loso_subject_04.npz
4,1331,1,0.010692215248021742,0,loso_subject_04.npz
4,1332,1,0.7940674770793552,1,loso_subject_04.npz
4,1333,1,0.5168326248742119,1,loso_subject_04.npz
4,1334,1,0.5860298827525996,1,loso_subject_04.npz
4,1335,1,0.9678722448403161,1,loso_subject_04.npz
4,1336,1,0.9462998965730401,1,loso_subject_04.npz
4,1337,1,0.7890926152702797,1,loso_subject_04.npz
4,1338,1,0.8316498944990814,1,loso_subject_04.npz
4,1339,1,0.340069373332565,0,loso_subject_04.npz
4,1340,1,0.9783653751794766,1,loso_subject_04.npz
4,1341,1,0.3865794259097839,0,loso_subject_04.npz
4,1342,1,0.40925185088531313,0,loso_subject_04.npz
4,1343,1,0.6960720023873136,1,loso_subject_04.npz
5,1345,0,0.015135504148587676,0,loso_subject_05.npz
5,1346,0,0.020897295132204785,0,loso_subject_05.npz
5,1347,0,0.05887413392050782,0,loso_subject_05.npz
5,1349,0,0.007181813836640999,0,loso_subject_05.npz
5,1350,0,0.11543960410517798,0,loso_subject_05.npz
5,1351,0,0.0018567769446794042,0,loso_subject_05.npz
5,1352,0,0.028435597159435652,0,loso_subject_05.npz
5,1354,0,0.1304250374166305,0,loso_subject_05.npz
5,1355,0,0.285202967126243,0,loso_subject_05.npz
5,1356,0,0.0007760478896800862,0,loso_subject_05.npz
5,1357,0,0.016617744458453626,0,loso_subject_05.npz
5,1358,0,0.0014863100311239537,0,loso_subject_05.npz
5,1359,0,0.005513077506141895,0,loso_subject_05.npz
5,1360,0,0.002395202541524953,0,loso_subject_05.npz
5,1361,0,0.07468444083792508,0,loso_subject_05.npz
5,1362,0,0.6539197940743445,1,loso_subject_05.npz
5,1363,0,0.7525382666744048,1,loso_subject_05.npz
5,1364,0,0.21989471022577783,0,loso_subject_05.npz
5,1365,0,0.08608602501580427,0,loso_subject_05.npz
5,1366,0,0.2637139325858453,0,loso_subject_05.npz
5,1367,0,0.007390037992522442,0,loso_subject_05.npz
5,1368,0,0.11199433644449328,0,loso_subject_05.npz
5,1369,0,0.026843978286439,0,loso_subject_05.npz
5,1370,0,0.1909885409667121,0,loso_subject_05.npz
5,1371,0,0.01711883223465241,0,loso_subject_05.npz
5,1372,0,0.09692404368140492,0,loso_subject_05.npz
5,1373,0,0.0006674774404242581,0,loso_subject_05.npz
5,1374,0,0.16914549044860433,0,loso_subject_05.npz
5,1375,0,0.0022173227675153003,0,loso_subject_05.npz
5,1376,0,0.0710499599737338,0,loso_subject_05.npz
5,1377,0,0.05254160888131888,0,loso_subject_05.npz
5,1378,0,0.020051810600787263,0,loso_subject_05.npz
5,1379,0,0.27377238344281524,0,loso_subject_05.npz
5,1381,0,0.03854842337039676,0,loso_subject_05.npz
5,1382,0,0.03623916156939537,0,loso_subject_05.npz
5,1383,0,0.002183843286242401,0,loso_subject_05.npz
5,1384,0,0.05542315344804227,0,loso_subject_05.npz
5,1385,0,0.029419809466944318,0,loso_subject_05.npz
5,1386,0,0.32658526016380474,0,loso_subject_05.npz
5,1387,0,0.5125081908519873,1,loso_subject_05.npz
5,1388,0,0.04973059710270811,0,loso_subject_05.npz
5,1389,0,0.386336282487214,0,loso_subject_05.npz
5,1390,0,0.0025454760515661755,0,loso_subject_05.npz
5,1391,0,0.003356055492112424,0,loso_subject_05.npz
5,1392,0,0.012856403591440437,0,loso_subject_05.npz
5,1394,0,0.08316140276825244,0,loso_subject_05.npz
5,1395,0,0.10371982576482401,0,loso_subject_05.npz
5,1396,0,0.07439413177764698,0,loso_subject_05.npz
5,1397,0,0.03372167780834902,0,loso_subject_05.npz
5,1398,0,0.0030235127499415133,0,loso_subject_05.npz
5,1399,0,0.002680142913166883,0,loso_subject_05.npz
5,1400,0,0.01958508694922708,0,loso_subject_05.npz
5,1401,0,0.003148548379466816,0,loso_subject_05.npz
5,1402,0,0.012785129233457706,0,loso_subject_05.npz
5,1403,0,0.09877996786588127,0,loso_subject_05.npz
5,1404,0,0.003918357703883817,0,loso_subject_05.npz
5,1405,0,0.0020895244194053496,0,loso_subject_05.npz
5,1406,0,0.012478021405066209,0,loso_subject_05.npz
5,1407,0,0.01462359002229016,0,loso_subject_05.npz
5,1408,0,0.012483349332409483,0,loso_subject_05.npz
5,1409,0,0.17858304217884036,0,loso_subject_05.npz
5,1410,0,0.2596042054648192,0,loso_subject_05.npz
5,1411,0,0.043762830251721986,0,loso_subject_05.npz
5,1412,0,0.21400483885566185,0,loso_subject_05.npz
5,1413,0,0.0036907504332515857,0,loso_subject_05.npz
5,1415,0,0.0789491535306425,0,loso_subject_05.npz
5,1416,0,0.10473686505678458,0,loso_subject_05.npz
5,1417,0,0.031655587899142454,0,loso_subject_05.npz
5,1418,0,0.008858723040310806,0,loso_subject_05.npz
5,1421,0,0.0637658642749612,0,loso_subject_05.npz
5,1422,0,0.1004973109940641,0,loso_subject_05.npz
5,1423,0,0.00916490700356005,0,loso_subject_05.npz
5,1424,0,0.4393052974418419,0,loso_subject_05.npz
5,1425,0,0.3372995817606368,0,loso_subject_05.npz
5,1426,0,0.9467210815082802,1,loso_subject_05.npz
5,1427,0,0.008869982737597985,0,loso_subject_05.npz
5,1428,0,0.0026099473569597136,0,loso_subject_05.npz
5,1431,0,0.09914951801487351,0,loso_subject_05.npz
5,1432,0,0.026636752947290256,0,loso_subject_05.npz
5,1433,0,0.05865272994639776,0,loso_subject_05.npz
5,1434,0,0.002882112639050813,0,loso_subject_05.npz
5,1435,0,0.006139720752702064,0,loso_subject_05.npz
5,1436,0,0.0030637450733234997,0,loso_subject_05.npz
5,1437,0,0.00674268297731789,0,loso_subject_05.npz
5,1438,0,0.10015073501603591,0,loso_subject_05.npz
5,1439,0,0.05302423269708281,0,loso_subject_05.npz
5,1440,0,0.008491425477457116,0,loso_subject_05.npz
5,1441,1,0.974207167940081,1,loso_subject_05.npz
5,1442,1,0.9542206428167324,1,loso_subject_05.npz
5,1443,1,0.952561224515822,1,loso_subject_05.npz
5,1444,1,0.9827782758499248,1,loso_subject_05.npz
5,1445,1,0.9761775225109665,1,loso_subject_05.npz
5,1446,1,0.967356970764096,1,loso_subject_05.npz
5,1447,1,0.9443334338688083,1,loso_subject_05.npz
5,1449,1,0.9775528259386786,1,loso_subject_05.npz
5,1450,1,0.9753521707502606,1,loso_subject_05.npz
5,1451,1,0.9089529569302295,1,loso_subject_05.npz
5,1452,1,0.9900246556909533,1,loso_subject_05.npz
5,1453,1,0.9818884526144824,1,loso_subject_05.npz
5,1454,1,0.9857603691986885,1,loso_subject_05.npz
5,1455,1,0.9374188727036983,1,loso_subject_05.npz
5,1456,1,0.7706632873360428,1,loso_subject_05.npz
5,1457,1,0.9962130023213115,1,loso_subject_05.npz
5,1458,1,0.9684025338453162,1,loso_subject_05.npz
5,1459,1,0.9541200869974195,1,loso_subject_05.npz
5,1460,1,0.993840822620904,1,loso_subject_05.npz
5,1461,1,0.9944196105688446,1,loso_subject_05.npz
5,1462,1,0.9896100179498416,1,loso_subject_05.npz
5,1463,1,0.8742198890448688,1,loso_subject_05.npz
5,1465,1,0.6890037759468652,1,loso_subject_05.npz
5,1466,1,0.9753351968931088,1,loso_subject_05.npz
5,1467,1,0.9933893801776584,1,loso_subject_05.npz
5,1468,1,0.8083627139627934,1,loso_subject_05.npz
5,1469,1,0.995910252222835,1,loso_subject_05.npz
5,1470,1,0.9927585788358642,1,loso_subject_05.npz
5,1471,1,0.9582440942795141,1,loso_subject_05.npz
5,1473,1,0.9421552136401836,1,loso_subject_05.npz
5,1474,1,0.9927098286003264,1,loso_subject_05.npz
5,1475,1,0.9836134260810344,1,loso_subject_05.npz
5,1476,1,0.9856778890900115,1,loso_subject_05.npz
5,1477,1,0.9952764394772303,1,loso_subject_05.npz
5,1478,1,0.9459703839648185,1,loso_subject_05.npz
5,1479,1,0.9775950114630555,1,loso_subject_05.npz
5,1480,1,0.9356201862058897,1,loso_subject_05.npz
5,1481,1,0.85333172381689,1,loso_subject_05.npz
5,1482,1,0.9787528519719841,1,loso_subject_05.npz
5,1484,1,0.9035371258792765,1,loso_subject_05.npz
5,1485,1,0.9822851503779841,1,loso_subject_05.npz
5,1487,1,0.9856230326387313,1,loso_subject_05.npz
5,1488,1,0.9536617376248598,1,loso_subject_05.npz
5,1489,1,0.9748481131263282,1,loso_subject_05.npz
5,1490,1,0.6791384046715473,1,loso_subject_05.npz
5,1491,1,0.9816773350955981,1,loso_subject_05.npz
5,1492,1,0.7932453561277195,1,loso_subject_05.npz
5,1493,1,0.989379007259358,1,loso_subject_05.npz
5,1494,1,0.9932827960035092,1,loso_subject_05.npz
5,1496,1,0.9872671458440629,1,loso_subject_05.npz
5,1498,1,0.8129422440838461,1,loso_subject_05.npz
5,1499,1,0.9993056768560216,1,loso_subject_05.npz
5,1500,1,0.9157615810454522,1,loso_subject_05.npz
5,1501,1,0.9879868069153656,1,loso_subject_05.npz
5,1502,1,0.9548643809926854,1,loso_subject_05.npz
5,1503,1,0.9984692006402845,1,loso_subject_05.npz
5,1504,1,0.9844877686022511,1,loso_subject_05.npz
5,1505,1,0.847836714043535,1,loso_subject_05.npz
5,1506,1,0.82178899962952,1,loso_subject_05.npz
5,1507,1,0.9898262986176153,1,loso_subject_05.npz
5,1508,1,0.8422416444900458,1,loso_subject_05.npz
5,1509,1,0.9568678050019875,1,loso_subject_05.npz
5,1510,1,0.9731616913555959,1,loso_subject_05.npz
5,1511,1,0.8734964954518938,1,loso_subject_05.npz
5,1514,1,0.8453997065987766,1,loso_subject_05.npz
5,1515,1,0.8549750072373928,1,loso_subject_05.npz
5,1516,1,0.9295940586074097,1,loso_subject_05.npz
5,1517,1,0.9916923332120441,1,loso_subject_05.npz
5,1518,1,0.9630533199225763,1,loso_subject_05.npz
5,1519,1,0.6270278887237455,1,loso_subject_05.npz
5,1520,1,0.9817791900003532,1,loso_subject_05.npz
5,1521,1,0.8115221657844133,1,loso_subject_05.npz
5,1522,1,0.9788680187257779,1,loso_subject_05.npz
5,1523,1,0.9845005244961554,1,loso_subject_05.npz
5,1524,1,0.8842058638917796,1,loso_subject_05.npz
5,1525,1,0.9622220802245479,1,loso_subject_05.npz
5,1526,1,0.9354460782824593,1,loso_subject_05.npz
5,1527,1,0.9696687553745241,1,loso_subject_05.npz
5,1528,1,0.9815569998591288,1,loso_subject_05.npz
5,1529,1,0.963416688312751,1,loso_subject_05.npz
5,1530,1,0.9292214572298767,1,loso_subject_05.npz
5,1531,1,0.9943890649226924,1,loso_subject_05.npz
5,1533,1,0.6653126593741748,1,loso_subject_05.npz
5,1534,1,0.9758234082684881,1,loso_subject_05.npz
5,1535,1,0.9811718999257395,1,loso_subject_05.npz
5,1536,1,0.9857459023478785,1,loso_subject_05.npz
5,1537,1,0.9560565650869762,1,loso_subject_05.npz
6,1538,0,0.046271879834414824,0,loso_subject_06.npz
6,1539,0,0.3713224244804533,0,loso_subject_06.npz
6,1540,0,0.04428593706290844,0,loso_subject_06.npz
6,1541,0,0.011139014313839292,0,loso_subject_06.npz
6,1542,0,0.1274077522949963,0,loso_subject_06.npz
6,1543,0,0.18362579773207283,0,loso_subject_06.npz
6,1544,0,0.16435007801599683,0,loso_subject_06.npz
6,1545,0,0.138925944928366,0,loso_subject_06.npz
6,1546,0,0.050697669225695186,0,loso_subject_06.npz
6,1547,0,0.17945899669787474,0,loso_subject_06.npz
6,1548,0,0.4667349393777116,0,loso_subject_06.npz
6,1549,0,0.47222948291849165,0,loso_subject_06.npz
6,1550,0,0.4156593518719199,0,loso_subject_06.npz
6,1551,0,0.6830929868454737,1,loso_subject_06.npz
6,1552,0,0.18133789117770097,0,loso_subject_06.npz
6,1553,0,0.22209037044757957,0,loso_subject_06.npz
6,1554,0,0.2304407199054915,0,loso_subject_06.npz
6,1555,0,0.5729331601391571,1,loso_subject_06.npz
6,1556,0,0.675937354665418,1,loso_subject_06.npz
6,1557,0,0.6372396301568191,1,loso_subject_06.npz
6,1558,0,0.4278188989503217,0,loso_subject_06.npz
6,1559,0,0.2726865155971273,0,loso_subject_06.npz
6,1560,0,0.07101416026225557,0,loso_subject_06.npz
6,1561,0,0.22366930043918112,0,loso_subject_06.npz
6,1562,0,0.30054939871683334,0,loso_subject_06.npz
6,1563,0,0.35206848837706817,0,loso_subject_06.npz
6,1564,0,0.29185698661891396,0,loso_subject_06.npz
6,1565,0,0.4237434121818903,0,loso_subject_06.npz
6,1566,0,0.043476042889983114,0,loso_subject_06.npz
6,1567,0,0.1785722103406897,0,loso_subject_06.npz
6,1568,0,0.9736483827843655,1,loso_subject_06.npz
6,1569,0,0.713237464136014,1,loso_subject_06.npz
6,1570,0,0.07710153614654434,0,loso_subject_06.npz
6,1571,0,0.2910725928341722,0,loso_subject_06.npz
6,1572,0,0.6404612294453801,1,loso_subject_06.npz
6,1573,0,0.8296945947561588,1,loso_subject_06.npz
6,1574,0,0.03915083930170088,0,loso_subject_06.npz
6,1575,0,0.3255945175520407,0,loso_subject_06.npz
6,1576,0,0.1030844053313727,0,loso_subject_06.npz
6,1577,0,0.29986194658540305,0,loso_subject_06.npz
6,1578,0,0.1917105309192251,0,loso_subject_06.npz
6,1579,0,0.1038833561544055,0,loso_subject_06.npz
6,1580,0,0.15198750029849203,0,loso_subject_06.npz
6,1581,0,0.13194218834107294,0,loso_subject_06.npz
6,1582,0,0.38157655683298713,0,loso_subject_06.npz
6,1583,0,0.12509836223682033,0,loso_subject_06.npz
6,1584,0,0.3938092952967609,0,loso_subject_06.npz
6,1585,0,0.39654390522524297,0,loso_subject_06.npz
6,1586,0,0.42022345630601204,0,loso_subject_06.npz
6,1588,0,0.44868898371238924,0,loso_subject_06.npz
6,1589,0,0.7873602265477315,1,loso_subject_06.npz
6,1590,0,0.05210384359179722,0,loso_subject_06.npz
6,1591,0,0.43189811569502656,0,loso_subject_06.npz
6,1592,0,0.09385008650881814,0,loso_subject_06.npz
6,1593,0,0.04723127437765881,0,loso_subject_06.npz
6,1594,0,0.22961688888748405,0,loso_subject_06.npz
6,1595,0,0.05652812574118794,0,loso_subject_06.npz
6,1596,0,0.3585856032192521,0,loso_subject_06.npz
6,1597,0,0.5966227937970194,1,loso_subject_06.npz
6,1598,0,0.7370767862324268,1,loso_subject_06.npz
6,1599,0,0.19717157559776569,0,loso_subject_06.npz
6,1600,0,0.42994247677602837,0,loso_subject_06.npz
6,1601,0,0.5527112830100493,1,loso_subject_06.npz
6,1602,0,0.8155101324341382,1,loso_subject_06.npz
6,1604,0,0.4105972272130672,0,loso_subject_06.npz
6,1605,0,0.4534807598493653,0,loso_subject_06.npz
6,1606,0,0.9327004972761744,1,loso_subject_06.npz
6,1607,0,0.1559302590483298,0,loso_subject_06.npz
6,1608,0,0.5471959342273155,1,loso_subject_06.npz
6,1609,0,0.07735034423251462,0,loso_subject_06.npz
6,1610,0,0.3473524540520054,0,loso_subject_06.npz
6,1611,0,0.08979540111872993,0,loso_subject_06.npz
6,1612,0,0.8699365201577703,1,loso_subject_06.npz
6,1613,0,0.6094675814279593,1,loso_subject_06.npz
6,1614,0,0.3388211101354056,0,loso_subject_06.npz
6,1615,0,0.7341502234180791,1,loso_subject_06.npz
6,1616,0,0.715314859698879,1,loso_subject_06.npz
6,1617,0,0.6558865879146986,1,loso_subject_06.npz
6,1618,0,0.09953596780411673,0,loso_subject_06.npz
6,1619,0,0.1477905591122145,0,loso_subject_06.npz
6,1620,0,0.5133883416908476,1,loso_subject_06.npz
6,1621,0,0.22477968231253803,0,loso_subject_06.npz
6,1622,0,0.07790015242463875,0,loso_subject_06.npz
6,1623,0,0.45034078836774133,0,loso_subject_06.npz
6,1624,0,0.6438379217980049,1,loso_subject_06.npz
6,1625,0,0.5052990089249051,1,loso_subject_06.npz
6,1626,0,0.49459163241490706,0,loso_subject_06.npz
6,1627,0,0.1923732420697559,0,loso_subject_06.npz
6,1628,0,0.12060311646571382,0,loso_subject_06.npz
6,1629,0,0.26332459097976996,0,loso_subject_06.npz
6,1630,0,0.2464155428455732,0,loso_subject_06.npz
6,1631,0,0.8796972672673431,1,loso_subject_06.npz
6,1632,0,0.19106624810223502,0,loso_subject_06.npz
6,1633,0,0.121043348985885,0,loso_subject_06.npz
6,1634,0,0.5451621449066657,1,loso_subject_06.npz
6,1635,0,0.6808767212685667,1,loso_subject_06.npz
6,1636,0,0.3855457201252134,0,loso_subject_06.npz
6,1637,0,0.8498440880195912,1,loso_subject_06.npz
6,1638,0,0.614025749581303,1,loso_subject_06.npz
6,1639,0,0.4036214802024306,0,loso_subject_06.npz
6,1640,0,0.45650303721172486,0,loso_subject_06.npz
6,1641,0,0.13356848760038822,0,loso_subject_06.npz
6,1642,0,0.20430157631662196,0,loso_subject_06.npz
6,1643,0,0.0597423510407165,0,loso_subject_06.npz
6,1644,0,0.7493255704361976,1,loso_subject_06.npz
6,1645,0,0.058406430981705094,0,loso_subject_06.npz
6,1646,0,0.8110760346471274,1,loso_subject_06.npz
6,1647,0,0.11689555108817248,0,loso_subject_06.npz
6,1648,0,0.5187513581172231,1,loso_subject_06.npz
6,1650,0,0.44236489323364914,0,loso_subject_06.npz
6,1651,0,0.6589530165869512,1,loso_subject_06.npz
6,1652,0,0.0472374978618863,0,loso_subject_06.npz
6,1653,0,0.28159243865720207,0,loso_subject_06.npz
6,1654,0,0.0024288285175778014,0,loso_subject_06.npz
6,1655,0,0.25185781583553074,0,loso_subject_06.npz
6,1656,0,0.6126401013316563,1,loso_subject_06.npz
6,1657,0,0.7386572517308407,1,loso_subject_06.npz
6,1658,0,0.4371794771579751,0,loso_subject_06.npz
6,1659,0,0.2482163812016759,0,loso_subject_06.npz
6,1660,0,0.6247501796073405,1,loso_subject_06.npz
6,1661,0,0.2740613169460984,0,loso_subject_06.npz
6,1662,0,0.057771396450768224,0,loso_subject_06.npz
6,1663,0,0.41893269750567097,0,loso_subject_06.npz
6,1665,0,0.31422822192489375,0,loso_subject_06.npz
6,1666,0,0.5736500419016511,1,loso_subject_06.npz
6,1667,0,0.5669872188350792,1,loso_subject_06.npz
6,1668,0,0.22582625562988626,0,loso_subject_06.npz
6,1669,0,0.8578346684548911,1,loso_subject_06.npz
6,1670,0,0.7318719792642073,1,loso_subject_06.npz
6,1671,0,0.5383450112239417,1,loso_subject_06.npz
6,1672,0,0.15077099074271216,0,loso_subject_06.npz
6,1673,0,0.20484433036122066,0,loso_subject_06.npz
6,1674,0,0.31834382198248584,0,loso_subject_06.npz
6,1675,0,0.3334091632735463,0,loso_subject_06.npz
6,1676,0,0.17809862532527626,0,loso_subject_06.npz
6,1677,0,0.13644725661726453,0,loso_subject_06.npz
6,1678,0,0.30713494226296645,0,loso_subject_06.npz
6,1679,0,0.33982302352003907,0,loso_subject_06.npz
6,1680,0,0.1315158796564517,0,loso_subject_06.npz
6,1681,0,0.41224250006844726,0,loso_subject_06.npz
6,1682,0,0.03541973113321041,0,loso_subject_06.npz
6,1683,0,0.02885599819252322,0,loso_subject_06.npz
6,1684,0,0.020672361160212926,0,loso_subject_06.npz
6,1685,0,0.3232792413296298,0,loso_subject_06.npz
6,1686,0,0.20905237240801686,0,loso_subject_06.npz
6,1687,0,0.0896295936791743,0,loso_subject_06.npz
6,1688,0,0.6100732800175441,1,loso_subject_06.npz
6,1689,0,0.3605157425084293,0,loso_subject_06.npz
6,1690,0,0.0970255187985593,0,loso_subject_06.npz
6,1691,0,0.30270073751719934,0,loso_subject_06.npz
6,1692,0,0.2645452925205417,0,loso_subject_06.npz
6,1693,0,0.04894640830306013,0,loso_subject_06.npz
6,1694,0,0.40125326305027703,0,loso_subject_06.npz
6,1695,0,0.6305176846502143,1,loso_subject_06.npz
6,1696,0,0.10526481100265817,0,loso_subject_06.npz
6,1697,0,0.08121577334113084,0,loso_subject_06.npz
6,1698,0,0.23660248771443101,0,loso_subject_06.npz
6,1699,0,0.7594725816211417,1,loso_subject_06.npz
6,1701,0,0.47028633316725454,0,loso_subject_06.npz
6,1702,0,0.10710100249802543,0,loso_subject_06.npz
6,1703,0,0.6772392268318701,1,loso_subject_06.npz
6,1704,0,0.21454027608665902,0,loso_subject_06.npz
6,1705,0,0.19156937696117501,0,loso_subject_06.npz
6,1706,0,0.512399480649038,1,loso_subject_06.npz
6,1707,0,0.30042668044706244,0,loso_subject_06.npz
6,1708,0,0.5207327856920791,1,loso_subject_06.npz
6,1709,0,0.6295410380889542,1,loso_subject_06.npz
6,1710,0,0.2872398979615295,0,loso_subject_06.npz
6,1711,0,0.465647857127136,0,loso_subject_06.npz
6,1712,0,0.11130531551436305,0,loso_subject_06.npz
6,1713,0,0.49179860985759677,0,loso_subject_06.npz
6,1714,0,0.5033154655018212,1,loso_subject_06.npz
6,1715,0,0.41058995257411357,0,loso_subject_06.npz
6,1716,0,0.14514558195825605,0,loso_subject_06.npz
6,1717,0,0.10351114824442839,0,loso_subject_06.npz
6,1718,0,0.311680938749904,0,loso_subject_06.npz
6,1719,0,0.8908285814172842,1,loso_subject_06.npz
6,1720,0,0.18556757424266543,0,loso_subject_06.npz
6,1721,0,0.37687482618964896,0,loso_subject_06.npz
6,1722,0,0.21191352024149634,0,loso_subject_06.npz
6,1723,0,0.13912693121604233,0,loso_subject_06.npz
6,1724,0,0.5104234608479755,1,loso_subject_06.npz
6,1725,0,0.40667838276555185,0,loso_subject_06.npz
6,1726,0,0.613041791588108,1,loso_subject_06.npz
6,1727,0,0.2897154985144243,0,loso_subject_06.npz
6,1728,0,0.06544897710705776,0,loso_subject_06.npz
6,1729,0,0.4708176366284092,0,loso_subject_06.npz
6,1730,0,0.3411616802066528,0,loso_subject_06.npz
6,1731,0,0.34225358060881916,0,loso_subject_06.npz
6,1732,0,0.28928609866663707,0,loso_subject_06.npz
6,1733,0,0.3616157384262012,0,loso_subject_06.npz
6,1734,0,0.00999315980213549,0,loso_subject_06.npz
6,1735,0,0.6778862255555831,1,loso_subject_06.npz
6,1736,0,0.4726507972393228,0,loso_subject_06.npz
6,1737,0,0.3990040972920754,0,loso_subject_06.npz
6,1738,0,0.4243724617322766,0,loso_subject_06.npz
6,1739,0,0.3288614471032525,0,loso_subject_06.npz
6,1740,0,0.5236223639990318,1,loso_subject_06.npz
6,1741,0,0.782894569904611,1,loso_subject_06.npz
6,1742,0,0.6079166459293767,1,loso_subject_06.npz
6,1743,0,0.40236924049281175,0,loso_subject_06.npz
6,1744,0,0.31174937314425943,0,loso_subject_06.npz
6,1745,0,0.8798166451449714,1,loso_subject_06.npz
6,1746,0,0.5679822475480341,1,loso_subject_06.npz
6,1747,0,0.4073019412632928,0,loso_subject_06.npz
6,1748,0,0.2594426715448798,0,loso_subject_06.npz
6,1749,0,0.838656721622498,1,loso_subject_06.npz
6,1751,0,0.23504340279924385,0,loso_subject_06.npz
6,1752,0,0.2927621762978986,0,loso_subject_06.npz
6,1754,0,0.08862656725295864,0,loso_subject_06.npz
6,1755,0,0.14576775252240995,0,loso_subject_06.npz
6,1756,0,0.31617948059531803,0,loso_subject_06.npz
6,1757,0,0.029772535041375645,0,loso_subject_06.npz
6,1758,0,0.15697177665437165,0,loso_subject_06.npz
6,1759,0,0.3529440849625453,0,loso_subject_06.npz
6,1760,0,0.2874941423553105,0,loso_subject_06.npz
6,1761,0,0.2459482321399595,0,loso_subject_06.npz
6,1762,0,0.5550747042319534,1,loso_subject_06.npz
6,1763,0,0.13478592157645447,0,loso_subject_06.npz
6,1764,0,0.1636767307938924,0,loso_subject_06.npz
6,1765,0,0.35687636186582544,0,loso_subject_06.npz
6,1766,0,0.7113692684899434,1,loso_subject_06.npz
6,1767,0,0.29719016336583765,0,loso_subject_06.npz
6,1768,0,0.7327831203239419,1,loso_subject_06.npz
6,1769,0,0.5996828206180064,1,loso_subject_06.npz
6,1770,0,0.2949181538461759,0,loso_subject_06.npz
6,1771,0,0.4303521874494002,0,loso_subject_06.npz
6,1772,0,0.10179384640766108,0,loso_subject_06.npz
6,1773,0,0.4601186250642808,0,loso_subject_06.npz
6,1774,0,0.6485897148163116,1,loso_subject_06.npz
6,1775,0,0.08016119242326941,0,loso_subject_06.npz
6,1776,0,0.289718506217092,0,loso_subject_06.npz
6,1777,0,0.010017239366159817,0,loso_subject_06.npz
6,1778,0,0.3589080233145508,0,loso_subject_06.npz
6,1779,0,0.32712771475918395,0,loso_subject_06.npz
6,1780,0,0.1930100377933167,0,loso_subject_06.npz
6,1781,0,0.6680864125943793,1,loso_subject_06.npz
6,1782,0,0.4472387588022121,0,loso_subject_06.npz
6,1783,0,0.37101118482107764,0,loso_subject_06.npz
6,1784,0,0.7319000615066876,1,loso_subject_06.npz
6,1785,0,0.720445840027567,1,loso_subject_06.npz
6,1786,0,0.5295395430359467,1,loso_subject_06.npz
6,1787,0,0.45089529647470794,0,loso_subject_06.npz
6,1788,0,0.9422862946210047,1,loso_subject_06.npz
6,1789,0,0.4122194011153109,0,loso_subject_06.npz
6,1790,0,0.5519404076710901,1,loso_subject_06.npz
6,1791,0,0.3390934409535362,0,loso_subject_06.npz
6,1792,0,0.40142702037385597,0,loso_subject_06.npz
6,1793,0,0.30370009715712637,0,loso_subject_06.npz
6,1794,0,0.8270063168545423,1,loso_subject_06.npz
6,1795,0,0.6775947588529226,1,loso_subject_06.npz
6,1797,0,0.6581389290471883,1,loso_subject_06.npz
6,1798,0,0.8023979564701249,1,loso_subject_06.npz
6,1799,0,0.7523869909137796,1,loso_subject_06.npz
6,1800,0,0.27526596156287114,0,loso_subject_06.npz
6,1801,0,0.713471219497916,1,loso_subject_06.npz
6,1802,0,0.5690421555367496,1,loso_subject_06.npz
6,1803,0,0.317967232445458,0,loso_subject_06.npz
6,1804,0,0.7020581841729541,1,loso_subject_06.npz
6,1805,0,0.49014439449056085,0,loso_subject_06.npz
6,1806,0,0.5053966698836188,1,loso_subject_06.npz
6,1807,0,0.5944841640203699,1,loso_subject_06.npz
6,1808,0,0.161104532072065,0,loso_subject_06.npz
6,1809,0,0.2568705463630282,0,loso_subject_06.npz
6,1810,0,0.7856696705267866,1,loso_subject_06.npz
6,1811,0,0.6832827517218211,1,loso_subject_06.npz
6,1812,0,0.15658064424800097,0,loso_subject_06.npz
6,1813,0,0.886906516391785,1,loso_subject_06.npz
6,1814,0,0.3808507317379634,0,loso_subject_06.npz
6,1815,0,0.8563443574506069,1,loso_subject_06.npz
6,1816,0,0.601452394809971,1,loso_subject_06.npz
6,1817,0,0.2373107423846274,0,loso_subject_06.npz
6,1818,0,0.321024293899449,0,loso_subject_06.npz
6,1819,0,0.5615904089789374,1,loso_subject_06.npz
6,1820,0,0.11485240774534912,0,loso_subject_06.npz
6,1821,0,0.35904358358663085,0,loso_subject_06.npz
6,1822,0,0.11315053816731517,0,loso_subject_06.npz
6,1823,0,0.049118853090972844,0,loso_subject_06.npz
6,1824,0,0.876236626058967,1,loso_subject_06.npz
6,1825,0,0.6281701601133654,1,loso_subject_06.npz
6,1826,0,0.29052070980301337,0,loso_subject_06.npz
6,1827,0,0.1186241024267401,0,loso_subject_06.npz
6,1828,0,0.21542569736962994,0,loso_subject_06.npz
6,1829,0,0.2883212636326365,0,loso_subject_06.npz
6,1830,0,0.29871824707018274,0,loso_subject_06.npz
6,1831,0,0.6291620305997032,1,loso_subject_06.npz
6,1832,0,0.6097342570670976,1,loso_subject_06.npz
6,1833,0,0.38934325037151296,0,loso_subject_06.npz
6,1834,0,0.7852919518929385,1,loso_subject_06.npz
6,1835,0,0.280856890032319,0,loso_subject_06.npz
6,1836,0,0.7290721481282691,1,loso_subject_06.npz
6,1837,0,0.572182525586644,1,loso_subject_06.npz
6,1838,0,0.25721181937175935,0,loso_subject_06.npz
6,1839,0,0.28229357943708283,0,loso_subject_06.npz
6,1840,0,0.4366950714029197,0,loso_subject_06.npz
6,1841,0,0.09171472309260792,0,loso_subject_06.npz
6,1842,0,0.919386309738837,1,loso_subject_06.npz
6,1843,0,0.6902319994364927,1,loso_subject_06.npz
6,1844,0,0.4003250658095034,0,loso_subject_06.npz
6,1845,0,0.14462708986575018,0,loso_subject_06.npz
6,1846,0,0.49330136935000934,0,loso_subject_06.npz
6,1847,0,0.0036124587860545633,0,loso_subject_06.npz
6,1848,0,0.08359102697614498,0,loso_subject_06.npz
6,1849,0,0.24068725289653756,0,loso_subject_06.npz
6,1850,0,0.10681139888888963,0,loso_subject_06.npz
6,1852,0,0.8348969674160956,1,loso_subject_06.npz
6,1853,0,0.5655020592801223,1,loso_subject_06.npz
6,1854,0,0.11201990686906799,0,loso_subject_06.npz
6,1855,0,0.3114445146530254,0,loso_subject_06.npz
6,1856,0,0.7186393676113533,1,loso_subject_06.npz
6,1857,0,0.3316503276920271,0,loso_subject_06.npz
6,1858,0,0.6718058521287091,1,loso_subject_06.npz
6,1859,1,0.977354524972621,1,loso_subject_06.npz
6,1860,1,0.9621584840437848,1,loso_subject_06.npz
6,1861,1,0.7574101122768286,1,loso_subject_06.npz
6,1862,1,0.04971537513094117,0,loso_subject_06.npz
6,1863,1,0.5950783509657773,1,loso_subject_06.npz
6,1864,1,0.6924789806870494,1,loso_subject_06.npz
6,1865,1,0.23718684850068922,0,loso_subject_06.npz
6,1866,1,0.0074748279046296245,0,loso_subject_06.npz
6,1867,1,0.5107253909179619,1,loso_subject_06.npz
6,1868,1,0.357367742123346,0,loso_subject_06.npz
6,1869,1,0.4108093763627999,0,loso_subject_06.npz
6,1870,1,0.4983679906276651,0,loso_subject_06.npz
6,1871,1,0.35980862171639083,0,loso_subject_06.npz
6,1872,1,0.49053808541049576,0,loso_subject_06.npz
6,1873,1,0.058004928202788006,0,loso_subject_06.npz
6,1874,1,0.39787266754395756,0,loso_subject_06.npz
6,1875,1,0.7915991919642673,1,loso_subject_06.npz
6,1876,1,0.36768727233861914,0,loso_subject_06.npz
6,1877,1,0.7550004247650073,1,loso_subject_06.npz
6,1878,1,0.6677482063007075,1,loso_subject_06.npz
6,1879,1,0.46052243709631163,0,loso_subject_06.npz
6,1880,1,0.7028643015237713,1,loso_subject_06.npz
6,1881,1,0.31325786022024,0,loso_subject_06.npz
6,1882,1,0.6050943024867877,1,loso_subject_06.npz
6,1883,1,0.5931086893402321,1,loso_subject_06.npz
6,1884,1,0.9534296966530629,1,loso_subject_06.npz
6,1885,1,0.9644540937209825,1,loso_subject_06.npz
6,1887,1,0.19426368066930122,0,loso_subject_06.npz
6,1889,1,0.3958430050275078,0,loso_subject_06.npz
6,1890,1,0.9998059215132761,1,loso_subject_06.npz
6,1891,1,0.919807509291618,1,loso_subject_06.npz
6,1892,1,0.7143652058151124,1,loso_subject_06.npz
6,1893,1,0.8216801551106638,1,loso_subject_06.npz
6,1895,1,0.758336872987646,1,loso_subject_06.npz
6,1896,1,0.8041793769079836,1,loso_subject_06.npz
6,1897,1,0.8681931059678017,1,loso_subject_06.npz
6,1898,1,0.9680424303356104,1,loso_subject_06.npz
6,1899,1,0.9109494367571056,1,loso_subject_06.npz
6,1900,1,0.822177958560238,1,loso_subject_06.npz
6,1901,1,0.5832654354389395,1,loso_subject_06.npz
6,1902,1,0.9777389129738187,1,loso_subject_06.npz
6,1903,1,0.8310744156972378,1,loso_subject_06.npz
6,1904,1,0.8113730291561465,1,loso_subject_06.npz
6,1905,1,0.5279560012557862,1,loso_subject_06.npz
6,1906,1,0.8142585874251328,1,loso_subject_06.npz
6,1907,1,0.8729421449662433,1,loso_subject_06.npz
6,1908,1,0.83921966308853,1,loso_subject_06.npz
6,1909,1,0.7492173461254371,1,loso_subject_06.npz
6,1910,1,0.9529780500133149,1,loso_subject_06.npz
6,1911,1,0.9433859426688963,1,loso_subject_06.npz
6,1912,1,0.6581477166411542,1,loso_subject_06.npz
6,1913,1,0.9783546175438855,1,loso_subject_06.npz
6,1914,1,0.9277932803011807,1,loso_subject_06.npz
6,1915,1,0.8499308700960377,1,loso_subject_06.npz
6,1916,1,0.9156190080078186,1,loso_subject_06.npz
6,1917,1,0.9747905032711874,1,loso_subject_06.npz
6,1918,1,0.9284920914055305,1,loso_subject_06.npz
6,1919,1,0.7602996524934025,1,loso_subject_06.npz
6,1920,1,0.8422999213963952,1,loso_subject_06.npz
6,1921,1,0.9337856354465498,1,loso_subject_06.npz
6,1922,1,0.8125769254792957,1,loso_subject_06.npz
6,1923,1,0.978763724412269,1,loso_subject_06.npz
6,1924,1,0.6530192106429267,1,loso_subject_06.npz
6,1925,1,0.4556123102790223,0,loso_subject_06.npz
6,1926,1,0.1891934809002002,0,loso_subject_06.npz
6,1927,1,0.8552199451581195,1,loso_subject_06.npz
6,1928,1,0.8860118979449398,1,loso_subject_06.npz
6,1929,1,0.5822365478269863,1,loso_subject_06.npz
6,1931,1,0.8061652743445594,1,loso_subject_06.npz
6,1932,1,0.6457841060255752,1,loso_subject_06.npz
6,1933,1,0.9771176236666947,1,loso_subject_06.npz
6,1934,1,0.8631121947735702,1,loso_subject_06.npz
6,1935,1,0.6319713612966611,1,loso_subject_06.npz
6,1936,1,0.8478994660882264,1,loso_subject_06.npz
6,1937,1,0.9224701766388789,1,loso_subject_06.npz
6,1938,1,0.9736755311684312,1,loso_subject_06.npz
6,1939,1,0.898545242020242,1,loso_subject_06.npz
6,1940,1,0.6570380629505066,1,loso_subject_06.npz
6,1941,1,0.7460126143242073,1,loso_subject_06.npz
6,1942,1,0.864149346223588,1,loso_subject_06.npz
6,1943,1,0.9469993986137956,1,loso_subject_06.npz
6,1944,1,0.9812909198390538,1,loso_subject_06.npz
6,1945,1,0.5586506211993555,1,loso_subject_06.npz
6,1946,1,0.9300372506383972,1,loso_subject_06.npz
6,1947,1,0.9659050109382995,1,loso_subject_06.npz
6,1948,1,0.9452608368929549,1,loso_subject_06.npz
6,1949,1,0.9864671227587194,1,loso_subject_06.npz
6,1950,1,0.8835064867596222,1,loso_subject_06.npz
6,1951,1,0.9846240578690685,1,loso_subject_06.npz
6,1952,1,0.9836715907175124,1,loso_subject_06.npz
6,1953,1,0.9958157725557782,1,loso_subject_06.npz
6,1954,1,0.9513840187432245,1,loso_subject_06.npz
6,1955,1,0.8709799123152007,1,loso_subject_06.npz
6,1956,1,0.8978113002090011,1,loso_subject_06.npz
6,1957,1,0.7011043328235645,1,loso_subject_06.npz
6,1958,1,0.9348020824816802,1,loso_subject_06.npz
6,1959,1,0.5361409388479415,1,loso_subject_06.npz
6,1960,1,0.8209374842706775,1,loso_subject_06.npz
6,1961,1,0.7153547601768346,1,loso_subject_06.npz
6,1962,1,0.8457014216911657,1,loso_subject_06.npz
6,1963,1,0.990398906383755,1,loso_subject_06.npz
6,1964,1,0.993507018691028,1,loso_subject_06.npz
6,1965,1,0.933946924804941,1,loso_subject_06.npz
6,1966,1,0.12573650051535093,0,loso_subject_06.npz
6,1967,1,0.6908404750161966,1,loso_subject_06.npz
6,1968,1,0.9397006916753085,1,loso_subject_06.npz
6,1969,1,0.7380314953228854,1,loso_subject_06.npz
6,1970,1,0.3901249557146173,0,loso_subject_06.npz
6,1971,1,0.3395624989524341,0,loso_subject_06.npz
6,1972,1,0.6436364927784205,1,loso_subject_06.npz
6,1973,1,0.9043208784984429,1,loso_subject_06.npz
6,1974,1,0.9710230110480704,1,loso_subject_06.npz
6,1975,1,0.908407942887531,1,loso_subject_06.npz
6,1976,1,0.7574777044864597,1,loso_subject_06.npz
6,1977,1,0.8772444191481747,1,loso_subject_06.npz
6,1979,1,0.9028744857987644,1,loso_subject_06.npz
6,1980,1,0.7503643021647342,1,loso_subject_06.npz
6,1981,1,0.9863684965054481,1,loso_subject_06.npz
6,1982,1,0.9111615126192603,1,loso_subject_06.npz
6,1983,1,0.6614360123593221,1,loso_subject_06.npz
6,1984,1,0.5755121022734696,1,loso_subject_06.npz
6,1986,1,0.9959482235256057,1,loso_subject_06.npz
6,1987,1,0.6394679655379049,1,loso_subject_06.npz
6,1988,1,0.8951785980795002,1,loso_subject_06.npz
6,1989,1,0.8526899436340546,1,loso_subject_06.npz
6,1990,1,0.9487871356470722,1,loso_subject_06.npz
6,1991,1,0.8683246963759739,1,loso_subject_06.npz
6,1992,1,0.20599691591065178,0,loso_subject_06.npz
6,1993,1,0.8630336209227953,1,loso_subject_06.npz
6,1995,1,0.7199313608913168,1,loso_subject_06.npz
6,1996,1,0.854689953639663,1,loso_subject_06.npz
6,1997,1,0.9600604168895854,1,loso_subject_06.npz
6,1998,1,0.40036175275638713,0,loso_subject_06.npz
6,1999,1,0.6280076243515137,1,loso_subject_06.npz
6,2000,1,0.699075572396715,1,loso_subject_06.npz
6,2001,1,0.5522570102358697,1,loso_subject_06.npz
6,2002,1,0.8792729119265255,1,loso_subject_06.npz
6,2003,1,0.6733452045096175,1,loso_subject_06.npz
6,2004,1,0.9886323053484839,1,loso_subject_06.npz
6,2005,1,0.908397988062289,1,loso_subject_06.npz
6,2006,1,0.9199073558955454,1,loso_subject_06.npz
6,2007,1,0.9040420464168831,1,loso_subject_06.npz
6,2008,1,0.8962000863957331,1,loso_subject_06.npz
6,2009,1,0.007177647303288688,0,loso_subject_06.npz
6,2010,1,0.5987530358703798,1,loso_subject_06.npz
6,2011,1,0.592674559540202,1,loso_subject_06.npz
6,2012,1,0.6262338233741412,1,loso_subject_06.npz
6,2013,1,0.8514669124221693,1,loso_subject_06.npz
6,2014,1,0.9495257696429219,1,loso_subject_06.npz
6,2015,1,0.296176268645589,0,loso_subject_06.npz
6,2016,1,0.9256621181984408,1,loso_subject_06.npz
6,2017,1,0.9498121446036352,1,loso_subject_06.npz
6,2018,1,0.9583633590451697,1,loso_subject_06.npz
6,2020,1,0.9455306732612386,1,loso_subject_06.npz
6,2021,1,0.9566369946029328,1,loso_subject_06.npz
6,2022,1,0.9631890463017359,1,loso_subject_06.npz
6,2023,1,0.9434157321704926,1,loso_subject_06.npz
6,2024,1,0.9399502664109609,1,loso_subject_06.npz
6,2025,1,0.9821918718484132,1,loso_subject_06.npz
6,2026,1,0.8940353208966447,1,loso_subject_06.npz
6,2027,1,0.8063718872567159,1,loso_subject_06.npz
6,2028,1,0.7356103730183011,1,loso_subject_06.npz
6,2029,1,0.5320854869973366,1,loso_subject_06.npz
6,2030,1,0.7292964028355472,1,loso_subject_06.npz
6,2031,1,0.3972448965425016,0,loso_subject_06.npz
6,2032,1,0.47450991329322384,0,loso_subject_06.npz
6,2033,1,0.6886703736322025,1,loso_subject_06.npz
6,2034,1,0.9811731186078948,1,loso_subject_06.npz
6,2035,1,0.9837454768467159,1,loso_subject_06.npz
6,2036,1,0.5275483841498877,1,loso_subject_06.npz
6,2037,1,0.7321795286147532,1,loso_subject_06.npz
6,2038,1,0.9717783546794309,1,loso_subject_06.npz
6,2039,1,0.7575842377414704,1,loso_subject_06.npz
6,2040,1,0.6638588977504767,1,loso_subject_06.npz
6,2041,1,0.669713838223948,1,loso_subject_06.npz
6,2042,1,0.996324479817468,1,loso_subject_06.npz
6,2043,1,0.9966458798569953,1,loso_subject_06.npz
6,2044,1,0.9148090721438685,1,loso_subject_06.npz
6,2045,1,0.989252392019595,1,loso_subject_06.npz
6,2046,1,0.9532495864775379,1,loso_subject_06.npz
6,2047,1,0.9862943781540617,1,loso_subject_06.npz
6,2048,1,0.9359508228678078,1,loso_subject_06.npz
6,2049,1,0.9517518771411849,1,loso_subject_06.npz
6,2050,1,0.9592875550367819,1,loso_subject_06.npz
6,2051,1,0.9489295782909858,1,loso_subject_06.npz
6,2052,1,0.9060075814784686,1,loso_subject_06.npz
6,2053,1,0.845408705191191,1,loso_subject_06.npz
6,2054,1,0.9549534355086968,1,loso_subject_06.npz
6,2055,1,0.8321385583865999,1,loso_subject_06.npz
6,2056,1,0.9422462886625397,1,loso_subject_06.npz
6,2057,1,0.8613202043198148,1,loso_subject_06.npz
6,2058,1,0.9561636573733239,1,loso_subject_06.npz
6,2059,1,0.9952503375649219,1,loso_subject_06.npz
6,2060,1,0.2696007891901961,0,loso_subject_06.npz
6,2061,1,0.624580922033999,1,loso_subject_06.npz
6,2062,1,0.9643416932367824,1,loso_subject_06.npz
6,2063,1,0.9376135917269885,1,loso_subject_06.npz
6,2064,1,0.5804027685088311,1,loso_subject_06.npz
6,2065,1,0.6391130590947306,1,loso_subject_06.npz
6,2066,1,0.8712435131257327,1,loso_subject_06.npz
6,2067,1,0.9098158459500698,1,loso_subject_06.npz
6,2069,1,0.9133756586059595,1,loso_subject_06.npz
6,2070,1,0.9924700120752439,1,loso_subject_06.npz
6,2071,1,0.84671451328224,1,loso_subject_06.npz
6,2072,1,0.3780890973467718,0,loso_subject_06.npz
6,2073,1,0.7105692414168749,1,loso_subject_06.npz
6,2074,1,0.8827314520630655,1,loso_subject_06.npz
6,2075,1,0.20385305450971655,0,loso_subject_06.npz
6,2076,1,0.8406662995266233,1,loso_subject_06.npz
6,2077,1,0.703669002540265,1,loso_subject_06.npz
6,2078,1,0.5670508888292778,1,loso_subject_06.npz
6,2079,1,0.9756726223847079,1,loso_subject_06.npz
6,2080,1,0.24726849992948416,0,loso_subject_06.npz
6,2081,1,0.9312766734386311,1,loso_subject_06.npz
6,2082,1,0.8423704324977347,1,loso_subject_06.npz
6,2083,1,0.9561922946468714,1,loso_subject_06.npz
6,2084,1,0.8110935175617849,1,loso_subject_06.npz
6,2085,1,0.9931993509674725,1,loso_subject_06.npz
6,2086,1,0.38492488195900276,0,loso_subject_06.npz
6,2087,1,0.7354701035667758,1,loso_subject_06.npz
6,2088,1,0.33369102108230686,0,loso_subject_06.npz
6,2089,1,0.9012021685817839,1,loso_subject_06.npz
6,2090,1,0.5749282457427046,1,loso_subject_06.npz
6,2091,1,0.8753777988105697,1,loso_subject_06.npz
6,2092,1,0.4852130526292326,0,loso_subject_06.npz
6,2093,1,0.3487295975756748,0,loso_subject_06.npz
6,2094,1,0.7812352795489445,1,loso_subject_06.npz
6,2095,1,0.7561613330946761,1,loso_subject_06.npz
6,2096,1,0.49717760290931795,0,loso_subject_06.npz
6,2097,1,0.5603324999593808,1,loso_subject_06.npz
6,2098,1,0.8698346667508386,1,loso_subject_06.npz
6,2099,1,0.9769797262328255,1,loso_subject_06.npz
6,2100,1,0.983094070813355,1,loso_subject_06.npz
6,2101,1,0.8999434495092581,1,loso_subject_06.npz
6,2102,1,0.30426727728526837,0,loso_subject_06.npz
6,2103,1,0.9627364085031989,1,loso_subject_06.npz
6,2104,1,0.8295249115968076,1,loso_subject_06.npz
6,2105,1,0.7522644776042027,1,loso_subject_06.npz
6,2106,1,0.45441647369205657,0,loso_subject_06.npz
6,2107,1,0.9847554636267213,1,loso_subject_06.npz
6,2108,1,0.3930666168933214,0,loso_subject_06.npz
6,2109,1,0.9981007184055131,1,loso_subject_06.npz
6,2110,1,0.9511118643015416,1,loso_subject_06.npz
6,2111,1,0.8381955342951245,1,loso_subject_06.npz
6,2112,1,0.831399462921271,1,loso_subject_06.npz
6,2113,1,0.9270763060523801,1,loso_subject_06.npz
6,2114,1,0.9890616219228184,1,loso_subject_06.npz
6,2115,1,0.7724372387967533,1,loso_subject_06.npz
6,2116,1,0.9749712015029419,1,loso_subject_06.npz
6,2117,1,0.8489283749579188,1,loso_subject_06.npz
6,2118,1,0.2971067576438973,0,loso_subject_06.npz
6,2119,1,0.6324408284473221,1,loso_subject_06.npz
6,2120,1,0.7834422242204809,1,loso_subject_06.npz
6,2121,1,0.5720294870397284,1,loso_subject_06.npz
6,2122,1,0.6997748937053259,1,loso_subject_06.npz
6,2123,1,0.9886451521432869,1,loso_subject_06.npz
6,2124,1,0.995425649737689,1,loso_subject_06.npz
6,2125,1,0.9996816021937193,1,loso_subject_06.npz
6,2127,1,0.9547937585795668,1,loso_subject_06.npz
6,2128,1,0.8974901255835835,1,loso_subject_06.npz
6,2129,1,0.3766604565872909,0,loso_subject_06.npz
6,2130,1,0.6508856665103542,1,loso_subject_06.npz
6,2131,1,0.6369821642025468,1,loso_subject_06.npz
6,2132,1,0.8770981267083136,1,loso_subject_06.npz
6,2133,1,0.9772492800727298,1,loso_subject_06.npz
6,2134,1,0.36277811656136105,0,loso_subject_06.npz
6,2135,1,0.2987770762469809,0,loso_subject_06.npz
6,2136,1,0.497077130961,0,loso_subject_06.npz
6,2138,1,0.961533859383581,1,loso_subject_06.npz
6,2139,1,0.7653332919577085,1,loso_subject_06.npz
6,2140,1,0.9857094510534733,1,loso_subject_06.npz
6,2141,1,0.5480485340584449,1,loso_subject_06.npz
6,2142,1,0.7764235463695487,1,loso_subject_06.npz
6,2143,1,0.950088767195888,1,loso_subject_06.npz
6,2144,1,0.23573004267212488,0,loso_subject_06.npz
6,2145,1,0.19493679385885582,0,loso_subject_06.npz
6,2146,1,0.8472609695017276,1,loso_subject_06.npz
6,2147,1,0.4880022488323897,0,loso_subject_06.npz
6,2148,1,0.6766844511544992,1,loso_subject_06.npz
6,2149,1,0.9245988019097872,1,loso_subject_06.npz
6,2150,1,0.580724454641097,1,loso_subject_06.npz
6,2151,1,0.9007314508213219,1,loso_subject_06.npz
6,2152,1,0.9804067519534334,1,loso_subject_06.npz
6,2153,1,0.7878821707273506,1,loso_subject_06.npz
6,2154,1,0.9390835588320772,1,loso_subject_06.npz
6,2155,1,0.8019038174386526,1,loso_subject_06.npz
6,2156,1,0.5706851017571382,1,loso_subject_06.npz
6,2157,1,0.8534420390524318,1,loso_subject_06.npz
6,2158,1,0.9592789493285906,1,loso_subject_06.npz
6,2159,1,0.8192673936964852,1,loso_subject_06.npz
6,2160,1,0.9532748988981679,1,loso_subject_06.npz
6,2161,1,0.7397694687995654,1,loso_subject_06.npz
6,2162,1,0.9689177186033406,1,loso_subject_06.npz
6,2163,1,0.7455873777461843,1,loso_subject_06.npz
6,2164,1,0.9671552643833754,1,loso_subject_06.npz
6,2165,1,0.8580475015058735,1,loso_subject_06.npz
6,2166,1,0.7707132394248396,1,loso_subject_06.npz
6,2167,1,0.9218205128332665,1,loso_subject_06.npz
6,2168,1,0.24624970265766438,0,loso_subject_06.npz
6,2169,1,0.044192126300942415,0,loso_subject_06.npz
6,2170,1,0.8566743352855573,1,loso_subject_06.npz
6,2171,1,0.9313485353931881,1,loso_subject_06.npz
6,2172,1,0.9669027634277486,1,loso_subject_06.npz
6,2173,1,0.786690154542103,1,loso_subject_06.npz
6,2174,1,0.974531484929648,1,loso_subject_06.npz
6,2175,1,0.946677005751447,1,loso_subject_06.npz
6,2176,1,0.4317342839035819,0,loso_subject_06.npz
6,2177,1,0.07496531015210621,0,loso_subject_06.npz
6,2178,1,0.9820601926658781,1,loso_subject_06.npz
6,2179,1,0.5566590859226469,1,loso_subject_06.npz
7,2180,0,0.006466376503377642,0,loso_subject_07.npz
7,2181,0,0.00663772321331571,0,loso_subject_07.npz
7,2182,0,0.024679235769698202,0,loso_subject_07.npz
7,2183,0,0.01987080494377943,0,loso_subject_07.npz
7,2184,0,0.026233474254078574,0,loso_subject_07.npz
7,2185,0,0.017144338189055978,0,loso_subject_07.npz
7,2186,0,0.008078400801100345,0,loso_subject_07.npz
7,2187,0,0.22191176244905295,0,loso_subject_07.npz
7,2188,0,0.02318604033425648,0,loso_subject_07.npz
7,2189,0,0.01594910357321859,0,loso_subject_07.npz
7,2190,0,0.7003228420682162,1,loso_subject_07.npz
7,2191,0,0.022838726299181097,0,loso_subject_07.npz
7,2193,0,0.015414083590476002,0,loso_subject_07.npz
7,2194,0,0.435821813154398,0,loso_subject_07.npz
7,2195,0,0.04199040788111239,0,loso_subject_07.npz
7,2196,0,0.10646610062700897,0,loso_subject_07.npz
7,2197,0,0.013346558274728852,0,loso_subject_07.npz
7,2198,0,0.062321471555709475,0,loso_subject_07.npz
7,2199,0,0.23833894325663826,0,loso_subject_07.npz
7,2200,0,0.06644893752470359,0,loso_subject_07.npz
7,2201,0,0.023163238062220665,0,loso_subject_07.npz
7,2202,0,0.25600131157705946,0,loso_subject_07.npz
7,2204,0,0.06726101872961533,0,loso_subject_07.npz
7,2205,0,0.014790418377631741,0,loso_subject_07.npz
7,2207,0,0.5878725128547502,1,loso_subject_07.npz
7,2208,0,0.016598160321458916,0,loso_subject_07.npz
7,2209,0,0.057319662517772,0,loso_subject_07.npz
7,2210,0,0.005648182106969078,0,loso_subject_07.npz
7,2211,0,0.24162694500683113,0,loso_subject_07.npz
7,2212,0,0.05672501345430396,0,loso_subject_07.npz
7,2213,0,0.011893878000947187,0,loso_subject_07.npz
7,2214,0,0.029028947171116613,0,loso_subject_07.npz
7,2215,0,0.04038163465186728,0,loso_subject_07.npz
7,2216,0,0.02323703222280054,0,loso_subject_07.npz
7,2217,0,0.041184819648173394,0,loso_subject_07.npz
7,2218,0,0.06236138763330621,0,loso_subject_07.npz
7,2219,0,0.0077763103996916026,0,loso_subject_07.npz
7,2220,0,0.026217531979816588,0,loso_subject_07.npz
7,2221,0,0.9392337063626784,1,loso_subject_07.npz
7,2223,0,0.44102819062501103,0,loso_subject_07.npz
7,2224,0,0.4360952292510052,0,loso_subject_07.npz
7,2225,0,0.3538345545293609,0,loso_subject_07.npz
7,2226,0,0.054745444597579705,0,loso_subject_07.npz
7,2227,0,0.7991127627724761,1,loso_subject_07.npz
7,2228,0,0.02148224855192571,0,loso_subject_07.npz
7,2229,0,0.07585810497642984,0,loso_subject_07.npz
7,2230,0,0.021791554387229264,0,loso_subject_07.npz
7,2231,0,0.5111603294543048,1,loso_subject_07.npz
7,2232,0,0.4727080196529532,0,loso_subject_07.npz
7,2233,0,0.3224199875105244,0,loso_subject_07.npz
7,2234,0,0.29039435001320957,0,loso_subject_07.npz
7,2235,0,0.08350047954799523,0,loso_subject_07.npz
7,2236,0,0.043408936369534745,0,loso_subject_07.npz
7,2237,0,0.017482135206521896,0,loso_subject_07.npz
7,2238,0,0.05902348485842421,0,loso_subject_07.npz
7,2239,0,0.9009748457040037,1,loso_subject_07.npz
7,2240,0,0.08791221796628808,0,loso_subject_07.npz
7,2241,0,0.05183160493682133,0,loso_subject_07.npz
7,2242,0,0.21773963786310346,0,loso_subject_07.npz
7,2243,0,0.013904508877988567,0,loso_subject_07.npz
7,2244,0,0.0332403897481299,0,loso_subject_07.npz
7,2245,0,0.09869415611068809,0,loso_subject_07.npz
7,2246,0,0.04142775194626488,0,loso_subject_07.npz
7,2247,0,0.03660812081301253,0,loso_subject_07.npz
7,2248,0,0.012439204337429463,0,loso_subject_07.npz
7,2249,0,0.043982397640425545,0,loso_subject_07.npz
7,2250,0,0.06600498849666316,0,loso_subject_07.npz
7,2251,0,0.1468221486212468,0,loso_subject_07.npz
7,2252,0,0.05816909060015871,0,loso_subject_07.npz
7,2253,0,0.0336798431684985,0,loso_subject_07.npz
7,2254,0,0.08916089641898459,0,loso_subject_07.npz
7,2255,0,0.12312484649003132,0,loso_subject_07.npz
7,2256,0,0.9060875942953508,1,loso_subject_07.npz
7,2257,0,0.09836085599341392,0,loso_subject_07.npz
7,2258,0,0.02053536398497813,0,loso_subject_07.npz
7,2259,0,0.06375490070786295,0,loso_subject_07.npz
7,2260,0,0.9350067474452032,1,loso_subject_07.npz
7,2261,0,0.17120820703835693,0,loso_subject_07.npz
7,2262,0,0.03279961286839781,0,loso_subject_07.npz
7,2263,0,0.07705283970022639,0,loso_subject_07.npz
7,2264,0,0.05876281199287285,0,loso_subject_07.npz
7,2265,0,0.04616655486711809,0,loso_subject_07.npz
7,2266,0,0.09765597751832074,0,loso_subject_07.npz
7,2267,0,0.06282830904995569,0,loso_subject_07.npz
7,2268,0,0.05451747658492667,0,loso_subject_07.npz
7,2269,0,0.005342806947640867,0,loso_subject_07.npz
7,2270,0,0.022820382354418432,0,loso_subject_07.npz
7,2271,0,0.9091917668319599,1,loso_subject_07.npz
7,2272,0,0.016829759881890574,0,loso_subject_07.npz
7,2273,0,0.02919708737475504,0,loso_subject_07.npz
7,2274,0,0.07207170611943912,0,loso_subject_07.npz
7,2275,0,0.06566861743927661,0,loso_subject_07.npz
7,2276,0,0.0475998522135754,0,loso_subject_07.npz
7,2277,0,0.1849904957286813,0,loso_subject_07.npz
7,2278,0,0.0169373360848362,0,loso_subject_07.npz
7,2279,0,0.04771040099918294,0,loso_subject_07.npz
7,2280,0,0.49250733383303835,0,loso_subject_07.npz
7,2281,0,0.017719034764232942,0,loso_subject_07.npz
7,2282,0,0.029374410218950646,0,loso_subject_07.npz
7,2283,0,0.034399059870631084,0,loso_subject_07.npz
7,2284,0,0.006480752149361887,0,loso_subject_07.npz
7,2286,0,0.02555846999395011,0,loso_subject_07.npz
7,2287,0,0.9384101930404005,1,loso_subject_07.npz
7,2288,0,0.07369109153776053,0,loso_subject_07.npz
7,2289,0,0.043185248118070514,0,loso_subject_07.npz
7,2290,0,0.07777158782888889,0,loso_subject_07.npz
7,2291,0,0.04463167800478876,0,loso_subject_07.npz
7,2292,0,0.16878678208750528,0,loso_subject_07.npz
7,2293,0,0.3539911454295502,0,loso_subject_07.npz
7,2294,0,0.008229907300088513,0,loso_subject_07.npz
7,2295,0,0.031160508445530546,0,loso_subject_07.npz
7,2296,0,0.019660718858426362,0,loso_subject_07.npz
7,2297,0,0.02445078932760327,0,loso_subject_07.npz
7,2298,0,0.9944227104456256,1,loso_subject_07.npz
7,2299,0,0.9807768548475045,1,loso_subject_07.npz
7,2300,0,0.019616361060006957,0,loso_subject_07.npz
7,2301,0,0.11363354509060385,0,loso_subject_07.npz
7,2302,0,0.09070745386099831,0,loso_subject_07.npz
7,2303,0,0.967419977250565,1,loso_subject_07.npz
7,2304,0,0.003890299833609169,0,loso_subject_07.npz
7,2305,0,0.19937734442345575,0,loso_subject_07.npz
7,2306,0,0.0430679227543687,0,loso_subject_07.npz
7,2307,0,0.8270440356946445,1,loso_subject_07.npz
7,2308,0,0.03095295218118849,0,loso_subject_07.npz
7,2309,0,0.04810649937990479,0,loso_subject_07.npz
7,2310,0,0.05780703171674796,0,loso_subject_07.npz
7,2311,0,0.007526133281253599,0,loso_subject_07.npz
7,2312,0,0.01186197640131811,0,loso_subject_07.npz
7,2313,0,0.37003741930302386,0,loso_subject_07.npz
7,2314,0,0.011486858171930578,0,loso_subject_07.npz
7,2315,0,0.025902560080734126,0,loso_subject_07.npz
7,2316,0,0.5938858975974979,1,loso_subject_07.npz
7,2317,0,0.3065871532294742,0,loso_subject_07.npz
7,2318,0,0.255035908275625,0,loso_subject_07.npz
7,2319,0,0.03426714610367054,0,loso_subject_07.npz
7,2321,0,0.3587994237147633,0,loso_subject_07.npz
7,2322,0,0.03731230422004335,0,loso_subject_07.npz
7,2323,0,0.027631997283836217,0,loso_subject_07.npz
7,2324,0,0.07683519947225616,0,loso_subject_07.npz
7,2325,0,0.3772482569399255,0,loso_subject_07.npz
7,2326,0,0.004808255211420906,0,loso_subject_07.npz
7,2327,0,0.5232446260837403,1,loso_subject_07.npz
7,2328,0,0.02705739698025212,0,loso_subject_07.npz
7,2330,0,0.03552375450581645,0,loso_subject_07.npz
7,2331,0,0.02520710742907563,0,loso_subject_07.npz
7,2332,0,0.3857181583525292,0,loso_subject_07.npz
7,2333,0,0.019602200964563214,0,loso_subject_07.npz
7,2334,0,0.17579526812425333,0,loso_subject_07.npz
7,2335,0,0.028685160350116114,0,loso_subject_07.npz
7,2336,0,0.5014947912520381,1,loso_subject_07.npz
7,2337,0,0.06329869016160232,0,loso_subject_07.npz
7,2338,0,0.06931933088798009,0,loso_subject_07.npz
7,2339,0,0.1416373183475406,0,loso_subject_07.npz
7,2340,0,0.022381754013080457,0,loso_subject_07.npz
7,2341,0,0.012870572179495459,0,loso_subject_07.npz
7,2342,0,0.01920890508351301,0,loso_subject_07.npz
7,2343,0,0.045774035316896666,0,loso_subject_07.npz
7,2344,0,0.01061996708776339,0,loso_subject_07.npz
7,2345,0,0.02076999802436247,0,loso_subject_07.npz
7,2346,0,0.012227858080068151,0,loso_subject_07.npz
7,2347,0,0.4044916658268361,0,loso_subject_07.npz
7,2348,0,0.06920340278243994,0,loso_subject_07.npz
7,2349,0,0.17694361034791944,0,loso_subject_07.npz
7,2350,0,0.02565860988237562,0,loso_subject_07.npz
7,2351,0,0.13435164085960333,0,loso_subject_07.npz
7,2352,0,0.1072504201687692,0,loso_subject_07.npz
7,2353,0,0.6422558208430876,1,loso_subject_07.npz
7,2354,0,0.7895179383687737,1,loso_subject_07.npz
7,2355,0,0.04397491151844291,0,loso_subject_07.npz
7,2357,0,0.2617891327704828,0,loso_subject_07.npz
7,2358,0,0.03773311982229711,0,loso_subject_07.npz
7,2359,0,0.5439610505812609,1,loso_subject_07.npz
7,2360,0,0.06838377727422117,0,loso_subject_07.npz
7,2361,0,0.05388171422238865,0,loso_subject_07.npz
7,2362,0,0.2742484581457722,0,loso_subject_07.npz
7,2363,0,0.052698868213155434,0,loso_subject_07.npz
7,2364,0,0.04355944259697198,0,loso_subject_07.npz
7,2365,0,0.007859343196008325,0,loso_subject_07.npz
7,2366,0,0.4348283444973899,0,loso_subject_07.npz
7,2367,0,0.8724562136595367,1,loso_subject_07.npz
7,2368,0,0.056130288138438705,0,loso_subject_07.npz
7,2369,0,0.9046613661194334,1,loso_subject_07.npz
7,2371,0,0.020831848395274598,0,loso_subject_07.npz
7,2372,0,0.07715210836134827,0,loso_subject_07.npz
7,2373,0,0.38204443609712224,0,loso_subject_07.npz
7,2374,0,0.1896706859952179,0,loso_subject_07.npz
7,2375,0,0.013773149360745675,0,loso_subject_07.npz
7,2376,1,0.37336821952500326,0,loso_subject_07.npz
7,2378,1,0.9806470023880153,1,loso_subject_07.npz
7,2379,1,0.9931017604866634,1,loso_subject_07.npz
7,2380,1,0.9937038324316257,1,loso_subject_07.npz
7,2381,1,0.988305304045982,1,loso_subject_07.npz
7,2382,1,0.9541619730389533,1,loso_subject_07.npz
7,2383,1,0.9868819763898087,1,loso_subject_07.npz
7,2384,1,0.9887296497398458,1,loso_subject_07.npz
7,2385,1,0.980225815917219,1,loso_subject_07.npz
7,2387,1,0.9544714365547302,1,loso_subject_07.npz
7,2388,1,0.38332321771186817,0,loso_subject_07.npz
7,2390,1,0.10843417723449776,0,loso_subject_07.npz
7,2391,1,0.9746314303076461,1,loso_subject_07.npz
7,2392,1,0.9786630774148403,1,loso_subject_07.npz
7,2393,1,0.9794286984317095,1,loso_subject_07.npz
7,2394,1,0.9860415948492601,1,loso_subject_07.npz
7,2395,1,0.9622404968054358,1,loso_subject_07.npz
7,2396,1,0.9356172374266052,1,loso_subject_07.npz
7,2397,1,0.12758306000259817,0,loso_subject_07.npz
7,2398,1,0.2813445264200808,0,loso_subject_07.npz
7,2399,1,0.9168849062214094,1,loso_subject_07.npz
7,2400,1,0.849860922238148,1,loso_subject_07.npz
7,2401,1,0.6515414338234903,1,loso_subject_07.npz
7,2402,1,0.08294803023242327,0,loso_subject_07.npz
7,2403,1,0.1628460846379032,0,loso_subject_07.npz
7,2404,1,0.30545068287837984,0,loso_subject_07.npz
7,2405,1,0.9899707186108303,1,loso_subject_07.npz
7,2406,1,0.11049639252166497,0,loso_subject_07.npz
7,2407,1,0.05438322017019668,0,loso_subject_07.npz
7,2408,1,0.2687930842880949,0,loso_subject_07.npz
7,2409,1,0.4869084071151681,0,loso_subject_07.npz
7,2410,1,0.3865399395665247,0,loso_subject_07.npz
7,2411,1,0.12275785684969397,0,loso_subject_07.npz
7,2412,1,0.11422966624841008,0,loso_subject_07.npz
7,2413,1,0.08038427131646383,0,loso_subject_07.npz
7,2414,1,0.25223475864873085,0,loso_subject_07.npz
7,2415,1,0.12825870483673216,0,loso_subject_07.npz
7,2416,1,0.6100709620556883,1,loso_subject_07.npz
7,2417,1,0.10664658819473823,0,loso_subject_07.npz
7,2418,1,0.520850594483496,1,loso_subject_07.npz
7,2419,1,0.6590879004987511,1,loso_subject_07.npz
7,2420,1,0.7348847950764927,1,loso_subject_07.npz
7,2421,1,0.9984091388277565,1,loso_subject_07.npz
7,2422,1,0.1297404195673575,0,loso_subject_07.npz
7,2423,1,0.07517964777716833,0,loso_subject_07.npz
7,2424,1,0.022824968555762028,0,loso_subject_07.npz
7,2425,1,0.33049230710565763,0,loso_subject_07.npz
7,2426,1,0.0835539450695571,0,loso_subject_07.npz
7,2427,1,0.7289737419991146,1,loso_subject_07.npz
7,2428,1,0.17903569008508477,0,loso_subject_07.npz
7,2429,1,0.6951132636549147,1,loso_subject_07.npz
7,2430,1,0.48962318961348195,0,loso_subject_07.npz
7,2431,1,0.050168557833608775,0,loso_subject_07.npz
7,2432,1,0.28485723024854703,0,loso_subject_07.npz
7,2434,1,0.14934721785692903,0,loso_subject_07.npz
7,2435,1,0.6538221518226971,1,loso_subject_07.npz
7,2436,1,0.37096773368901376,0,loso_subject_07.npz
7,2437,1,0.6847600154125925,1,loso_subject_07.npz
7,2438,1,0.9000452678479084,1,loso_subject_07.npz
7,2439,1,0.9596566329712262,1,loso_subject_07.npz
7,2441,1,0.5970469784051088,1,loso_subject_07.npz
7,2442,1,0.9284548047982808,1,loso_subject_07.npz
7,2443,1,0.4974990167358041,0,loso_subject_07.npz
7,2444,1,0.5464996045811767,1,loso_subject_07.npz
7,2445,1,0.5613688790335815,1,loso_subject_07.npz
7,2446,1,0.8968855934289534,1,loso_subject_07.npz
7,2447,1,0.9605186846678443,1,loso_subject_07.npz
7,2448,1,0.9513320860987668,1,loso_subject_07.npz
7,2449,1,0.9370674368192325,1,loso_subject_07.npz
7,2450,1,0.826184117095845,1,loso_subject_07.npz
7,2451,1,0.8035694971272077,1,loso_subject_07.npz
7,2452,1,0.9971643875281133,1,loso_subject_07.npz
7,2453,1,0.8584198465139293,1,loso_subject_07.npz
7,2454,1,0.9841214123804978,1,loso_subject_07.npz
7,2455,1,0.9850128195871816,1,loso_subject_07.npz
7,2456,1,0.9417631882095094,1,loso_subject_07.npz
7,2457,1,0.9808612525902702,1,loso_subject_07.npz
7,2458,1,0.9888864686637463,1,loso_subject_07.npz
7,2459,1,0.5561333675736507,1,loso_subject_07.npz
7,2460,1,0.8200117040026587,1,loso_subject_07.npz
7,2461,1,0.8988049477047181,1,loso_subject_07.npz
7,2462,1,0.98338447270583,1,loso_subject_07.npz
7,2463,1,0.8305133432111306,1,loso_subject_07.npz
7,2464,1,0.8467666755053351,1,loso_subject_07.npz
7,2465,1,0.701762415434649,1,loso_subject_07.npz
7,2466,1,0.9763709434649465,1,loso_subject_07.npz
7,2467,1,0.8017715819619794,1,loso_subject_07.npz
7,2468,1,0.9196464757082603,1,loso_subject_07.npz
7,2469,1,0.979097597489247,1,loso_subject_07.npz
7,2470,1,0.9624263271384746,1,loso_subject_07.npz
7,2471,1,0.9846189676942073,1,loso_subject_07.npz
7,2473,1,0.9739823245920584,1,loso_subject_07.npz
7,2474,1,0.9925629522754092,1,loso_subject_07.npz
7,2475,1,0.9674258164983571,1,loso_subject_07.npz
7,2476,1,0.9318430099178763,1,loso_subject_07.npz
7,2477,1,0.9118929767108318,1,loso_subject_07.npz
7,2478,1,0.9892184842101461,1,loso_subject_07.npz
7,2479,1,0.9463686129000461,1,loso_subject_07.npz
7,2480,1,0.9694776603545047,1,loso_subject_07.npz
7,2481,1,0.9707731314282408,1,loso_subject_07.npz
7,2482,1,0.9810439591671912,1,loso_subject_07.npz
7,2483,1,0.4315986834766521,0,loso_subject_07.npz
7,2484,1,0.08682343121105372,0,loso_subject_07.npz
7,2485,1,0.06160345583867011,0,loso_subject_07.npz
7,2486,1,0.015021070396431555,0,loso_subject_07.npz
7,2487,1,0.26367630354813504,0,loso_subject_07.npz
7,2488,1,0.2047747451915802,0,loso_subject_07.npz
7,2490,1,0.7029000324061281,1,loso_subject_07.npz
7,2491,1,0.858363080361781,1,loso_subject_07.npz
7,2492,1,0.8025607896407407,1,loso_subject_07.npz
7,2493,1,0.9027349092079622,1,loso_subject_07.npz
7,2494,1,0.794605354808399,1,loso_subject_07.npz
7,2495,1,0.9123583258625897,1,loso_subject_07.npz
7,2496,1,0.8092407199325512,1,loso_subject_07.npz
7,2497,1,0.783029117080698,1,loso_subject_07.npz
7,2498,1,0.9100867260117235,1,loso_subject_07.npz
7,2499,1,0.8811023931497153,1,loso_subject_07.npz
7,2500,1,0.8814189948803132,1,loso_subject_07.npz
7,2501,1,0.9142128294718664,1,loso_subject_07.npz
7,2503,1,0.8860236935106525,1,loso_subject_07.npz
7,2504,1,0.7871652359065853,1,loso_subject_07.npz
7,2505,1,0.9886493603644774,1,loso_subject_07.npz
7,2506,1,0.5492846839218439,1,loso_subject_07.npz
7,2507,1,0.9416215234611768,1,loso_subject_07.npz
7,2508,1,0.3011674419475012,0,loso_subject_07.npz
7,2509,1,0.6007171493189402,1,loso_subject_07.npz
7,2510,1,0.04445027633568453,0,loso_subject_07.npz
7,2511,1,0.2699995561564182,0,loso_subject_07.npz
7,2512,1,0.3943741765462367,0,loso_subject_07.npz
7,2513,1,0.056741249651392406,0,loso_subject_07.npz
7,2514,1,0.9802828186887569,1,loso_subject_07.npz
7,2516,1,0.26829742495441616,0,loso_subject_07.npz
7,2517,1,0.029042806458846993,0,loso_subject_07.npz
7,2518,1,0.08864622646568023,0,loso_subject_07.npz
7,2519,1,0.02024313715280166,0,loso_subject_07.npz
7,2520,1,0.09163672363469162,0,loso_subject_07.npz
7,2521,1,0.541285920697376,1,loso_subject_07.npz
7,2522,1,0.9999937379110773,1,loso_subject_07.npz
7,2523,1,0.8794948668476081,1,loso_subject_07.npz
7,2524,1,0.9926541520308351,1,loso_subject_07.npz
7,2525,1,0.969786477467166,1,loso_subject_07.npz
7,2526,1,0.9689647937184962,1,loso_subject_07.npz
7,2527,1,0.9870547355671007,1,loso_subject_07.npz
7,2528,1,0.8375180675949494,1,loso_subject_07.npz
7,2529,1,0.8051670325889371,1,loso_subject_07.npz
7,2530,1,0.8449965723558964,1,loso_subject_07.npz
7,2531,1,0.7816435936314367,1,loso_subject_07.npz
7,2532,1,0.050185492443339245,0,loso_subject_07.npz
7,2533,1,0.8219994032726186,1,loso_subject_07.npz
7,2534,1,0.990742474563519,1,loso_subject_07.npz
7,2535,1,0.9859431473234107,1,loso_subject_07.npz
7,2536,1,0.9496706118045037,1,loso_subject_07.npz
7,2537,1,0.10462963192440089,0,loso_subject_07.npz
7,2538,1,0.9497656751846338,1,loso_subject_07.npz
7,2539,1,0.9720472375132999,1,loso_subject_07.npz
7,2540,1,0.9859479172734443,1,loso_subject_07.npz
7,2542,1,0.9912067328123797,1,loso_subject_07.npz
7,2543,1,0.7333960580911121,1,loso_subject_07.npz
7,2544,1,0.7122017351932718,1,loso_subject_07.npz
7,2545,1,0.5810048648310107,1,loso_subject_07.npz
7,2546,1,0.5846575083367195,1,loso_subject_07.npz
7,2547,1,0.5364674814690472,1,loso_subject_07.npz
7,2548,1,0.44927945340063513,0,loso_subject_07.npz
7,2549,1,0.9887793774911671,1,loso_subject_07.npz
7,2550,1,0.9566103637606297,1,loso_subject_07.npz
7,2551,1,0.9894429435821956,1,loso_subject_07.npz
7,2552,1,0.9772769961015182,1,loso_subject_07.npz
7,2554,1,0.9507309837596721,1,loso_subject_07.npz
7,2555,1,0.9948237400844774,1,loso_subject_07.npz
7,2556,1,0.974413883195055,1,loso_subject_07.npz
7,2557,1,0.49698998337561184,0,loso_subject_07.npz
7,2558,1,0.29654508369095284,0,loso_subject_07.npz
7,2559,1,0.9894114620485159,1,loso_subject_07.npz
7,2560,1,0.1418459278707522,0,loso_subject_07.npz
7,2561,1,0.8957213549202928,1,loso_subject_07.npz
7,2562,1,0.9923497447970612,1,loso_subject_07.npz
7,2563,1,0.9605000350439602,1,loso_subject_07.npz
7,2564,1,0.7748103222503142,1,loso_subject_07.npz
7,2565,1,0.9778055859082904,1,loso_subject_07.npz
7,2566,1,0.9963738035315546,1,loso_subject_07.npz
7,2567,1,0.9648159511425839,1,loso_subject_07.npz
7,2568,1,0.9827888858765613,1,loso_subject_07.npz
7,2569,1,0.9793035779337175,1,loso_subject_07.npz
7,2570,1,0.3137361884224219,0,loso_subject_07.npz
7,2571,1,0.9972791781807627,1,loso_subject_07.npz
8,2573,0,0.014316559842535739,0,loso_subject_08.npz
8,2577,0,0.15090433163630307,0,loso_subject_08.npz
8,2578,0,0.0005825955515303069,0,loso_subject_08.npz
8,2579,0,0.01670685693188803,0,loso_subject_08.npz
8,2580,0,0.05179895456453696,0,loso_subject_08.npz
8,2581,0,0.0011832584071135614,0,loso_subject_08.npz
8,2582,0,0.004830357371109974,0,loso_subject_08.npz
8,2583,0,0.031145986282718068,0,loso_subject_08.npz
8,2584,0,0.007805557011096126,0,loso_subject_08.npz
8,2585,0,0.2272206597493256,0,loso_subject_08.npz
8,2586,0,0.4950020328666144,0,loso_subject_08.npz
8,2587,0,0.008045774064238495,0,loso_subject_08.npz
8,2588,0,0.11386897351092672,0,loso_subject_08.npz
8,2589,0,0.26865083719696636,0,loso_subject_08.npz
8,2590,0,0.00913518356914984,0,loso_subject_08.npz
8,2591,0,0.03452423356660006,0,loso_subject_08.npz
8,2592,0,0.018223089196114314,0,loso_subject_08.npz
8,2593,0,0.0068464527918344915,0,loso_subject_08.npz
8,2594,0,0.3630312196985399,0,loso_subject_08.npz
8,2595,0,0.05213164549507828,0,loso_subject_08.npz
8,2596,0,0.02019993002931667,0,loso_subject_08.npz
8,2597,0,0.03306994106656229,0,loso_subject_08.npz
8,2598,0,0.03694357135703774,0,loso_subject_08.npz
8,2599,0,0.013652539382245704,0,loso_subject_08.npz
8,2600,0,0.08100374481166978,0,loso_subject_08.npz
8,2601,0,0.7569944777955333,1,loso_subject_08.npz
8,2602,0,0.09326780482947365,0,loso_subject_08.npz
8,2603,0,0.07715050312803888,0,loso_subject_08.npz
8,2604,0,0.019490520513679797,0,loso_subject_08.npz
8,2605,0,0.06769738900452853,0,loso_subject_08.npz
8,2606,0,0.12598850265758715,0,loso_subject_08.npz
8,2607,0,0.23785691122909264,0,loso_subject_08.npz
8,2608,0,0.27978931817690766,0,loso_subject_08.npz
8,2609,0,0.009651628274395715,0,loso_subject_08.npz
8,2610,0,0.0024733750007263325,0,loso_subject_08.npz
8,2611,0,0.0026572537354230953,0,loso_subject_08.npz
8,2612,0,0.0073681809148577115,0,loso_subject_08.npz
8,2613,0,0.10250992630319049,0,loso_subject_08.npz
8,2614,0,0.5826424627493926,1,loso_subject_08.npz
8,2615,0,0.004023437184189295,0,loso_subject_08.npz
8,2616,0,0.060199004067708776,0,loso_subject_08.npz
8,2617,0,0.38126426461885027,0,loso_subject_08.npz
8,2618,0,0.0016468201165846142,0,loso_subject_08.npz
8,2619,0,0.18341670597140738,0,loso_subject_08.npz
8,2621,0,0.38008866539161834,0,loso_subject_08.npz
8,2622,0,0.2619252582902181,0,loso_subject_08.npz
8,2623,0,0.003141366647920033,0,loso_subject_08.npz
8,2624,0,0.02578912121117908,0,loso_subject_08.npz
8,2625,0,0.10116277993343632,0,loso_subject_08.npz
8,2626,0,0.0018474367726065456,0,loso_subject_08.npz
8,2627,0,0.007846615599839554,0,loso_subject_08.npz
8,2628,0,0.0076000460144716175,0,loso_subject_08.npz
8,2629,0,0.06296791711884447,0,loso_subject_08.npz
8,2630,0,0.010055800641499482,0,loso_subject_08.npz
8,2631,0,0.002532305177618898,0,loso_subject_08.npz
8,2633,0,0.03190176419645646,0,loso_subject_08.npz
8,2634,0,0.016181495052256467,0,loso_subject_08.npz
8,2635,0,0.012076514584608651,0,loso_subject_08.npz
8,2637,0,0.019775593123384127,0,loso_subject_08.npz
8,2638,0,0.6405487037477294,1,loso_subject_08.npz
8,2639,0,0.724492076823924,1,loso_subject_08.npz
8,2640,0,0.0023980549525600306,0,loso_subject_08.npz
8,2641,0,0.003913118792255322,0,loso_subject_08.npz
8,2642,0,0.768477117949086,1,loso_subject_08.npz
8,2643,1,0.9304108315031253,1,loso_subject_08.npz
8,2644,1,0.9970828427812989,1,loso_subject_08.npz
8,2645,1,0.8910818748377382,1,loso_subject_08.npz
8,2647,1,0.991175054150342,1,loso_subject_08.npz
8,2648,1,0.9958691598940224,1,loso_subject_08.npz
8,2649,1,0.9973967388882959,1,loso_subject_08.npz
8,2650,1,0.9893496986462903,1,loso_subject_08.npz
8,2651,1,0.9902869050271214,1,loso_subject_08.npz
8,2652,1,0.9954959021078179,1,loso_subject_08.npz
8,2653,1,0.8436406694479599,1,loso_subject_08.npz
8,2654,1,0.9948700762879503,1,loso_subject_08.npz
8,2655,1,0.9797373034367804,1,loso_subject_08.npz
8,2656,1,0.8554555330983764,1,loso_subject_08.npz
8,2658,1,0.9736796419489281,1,loso_subject_08.npz
8,2659,1,0.5925870253556337,1,loso_subject_08.npz
8,2660,1,0.9747723444507216,1,loso_subject_08.npz
8,2661,1,0.9737529229480595,1,loso_subject_08.npz
8,2663,1,0.3385990145277386,0,loso_subject_08.npz
8,2664,1,0.6900589439424778,1,loso_subject_08.npz
8,2666,1,0.9796677208311052,1,loso_subject_08.npz
8,2668,1,0.9096420892956837,1,loso_subject_08.npz
8,2669,1,0.14228862891690688,0,loso_subject_08.npz
8,2670,1,0.3522734115236369,0,loso_subject_08.npz
8,2671,1,0.623821145033465,1,loso_subject_08.npz
8,2672,1,0.07494176942997875,0,loso_subject_08.npz
8,2673,1,0.09789409150050381,0,loso_subject_08.npz
8,2674,1,0.266886487456598,0,loso_subject_08.npz
8,2677,1,0.24902440640974616,0,loso_subject_08.npz
8,2678,1,0.8495383812174572,1,loso_subject_08.npz
8,2679,1,0.32193206377161826,0,loso_subject_08.npz
8,2681,1,0.23046327966103966,0,loso_subject_08.npz
8,2682,1,0.9090228030478013,1,loso_subject_08.npz
8,2683,1,0.8353752383544558,1,loso_subject_08.npz
8,2684,1,0.9672475117442808,1,loso_subject_08.npz
8,2686,1,0.8907695330780347,1,loso_subject_08.npz
8,2687,1,0.7284522009816877,1,loso_subject_08.npz
8,2688,1,0.7613576109981997,1,loso_subject_08.npz
8,2689,1,0.5642395805868179,1,loso_subject_08.npz
8,2691,1,0.8153814729868919,1,loso_subject_08.npz
8,2692,1,0.8524173800799417,1,loso_subject_08.npz
8,2693,1,0.9987756460188886,1,loso_subject_08.npz
8,2694,1,0.31765776969510257,0,loso_subject_08.npz
8,2695,1,0.9528320513664991,1,loso_subject_08.npz
8,2696,1,0.5198687630472372,1,loso_subject_08.npz
8,2697,1,0.8768037906255601,1,loso_subject_08.npz
8,2698,1,0.9442910638826885,1,loso_subject_08.npz
8,2699,1,0.9645576930365427,1,loso_subject_08.npz
8,2700,1,0.9905632092831385,1,loso_subject_08.npz
8,2701,1,0.7219373255004914,1,loso_subject_08.npz
8,2703,1,0.4849735787164371,0,loso_subject_08.npz
8,2704,1,0.595742566129632,1,loso_subject_08.npz
8,2705,1,0.9551490362061041,1,loso_subject_08.npz
8,2706,1,0.9225076696855047,1,loso_subject_08.npz
8,2708,1,0.999258298424288,1,loso_subject_08.npz
8,2710,1,0.907664404113229,1,loso_subject_08.npz
8,2711,1,0.9725125794324534,1,loso_subject_08.npz
8,2712,1,0.9912015390241525,1,loso_subject_08.npz
8,2713,1,0.9393594716217043,1,loso_subject_08.npz
9,2714,0,0.0972170967404315,0,loso_subject_09.npz
9,2715,0,0.029545161913601056,0,loso_subject_09.npz
9,2716,0,0.016969132699885182,0,loso_subject_09.npz
9,2717,0,0.020753869033512538,0,loso_subject_09.npz
9,2718,0,0.024678897081072758,0,loso_subject_09.npz
9,2719,0,0.025578257229321225,0,loso_subject_09.npz
9,2720,0,0.0041015387224198315,0,loso_subject_09.npz
9,2721,0,0.008848965827475345,0,loso_subject_09.npz
9,2722,0,0.052752690192610176,0,loso_subject_09.npz
9,2723,0,0.009503158349656702,0,loso_subject_09.npz
9,2724,0,0.2486480980098298,0,loso_subject_09.npz
9,2725,0,0.03132780854135105,0,loso_subject_09.npz
9,2726,0,0.03354313723365383,0,loso_subject_09.npz
9,2727,0,0.005173873272306887,0,loso_subject_09.npz
9,2728,0,0.019176742489607542,0,loso_subject_09.npz
9,2729,0,0.0041845826701213396,0,loso_subject_09.npz
9,2730,0,0.016184842195344037,0,loso_subject_09.npz
9,2731,0,0.047312565872115395,0,loso_subject_09.npz
9,2732,0,0.36296809775276334,0,loso_subject_09.npz
9,2733,0,0.011037268265319835,0,loso_subject_09.npz
9,2734,0,0.05350884193289522,0,loso_subject_09.npz
9,2735,0,0.020446304600193504,0,loso_subject_09.npz
9,2736,0,0.004771383717162967,0,loso_subject_09.npz
9,2737,0,0.15588008386333016,0,loso_subject_09.npz
9,2738,0,0.0806035446244141,0,loso_subject_09.npz
9,2740,0,0.06842874925159471,0,loso_subject_09.npz
9,2741,0,0.00287797203804838,0,loso_subject_09.npz
9,2742,0,0.013674257302837011,0,loso_subject_09.npz
9,2743,0,0.0027313565097296464,0,loso_subject_09.npz
9,2744,0,0.03278433123512876,0,loso_subject_09.npz
9,2745,0,0.0291880520506174,0,loso_subject_09.npz
9,2746,0,0.08270655296985925,0,loso_subject_09.npz
9,2747,0,0.009124804989951607,0,loso_subject_09.npz
9,2748,0,0.0037900409528658892,0,loso_subject_09.npz
9,2749,0,0.019939273689599104,0,loso_subject_09.npz
9,2750,0,0.01626247839553729,0,loso_subject_09.npz
9,2751,0,0.35590541110764207,0,loso_subject_09.npz
9,2752,0,0.8871342588642638,1,loso_subject_09.npz
9,2753,0,0.35061995634292453,0,loso_subject_09.npz
9,2754,0,0.23346574042538024,0,loso_subject_09.npz
9,2755,0,0.1539461610840744,0,loso_subject_09.npz
9,2756,0,0.07248866146058819,0,loso_subject_09.npz
9,2757,0,0.18814005076450824,0,loso_subject_09.npz
9,2758,0,0.0024464338029351065,0,loso_subject_09.npz
9,2759,0,0.005673756189716449,0,loso_subject_09.npz
9,2760,0,0.957590466153442,1,loso_subject_09.npz
9,2761,0,0.5573258051411745,1,loso_subject_09.npz
9,2762,0,0.027405903183789757,0,loso_subject_09.npz
9,2763,0,0.06501484762830198,0,loso_subject_09.npz
9,2764,0,0.8752645219692852,1,loso_subject_09.npz
9,2765,0,0.22544321660136896,0,loso_subject_09.npz
9,2766,0,0.6375578009910009,1,loso_subject_09.npz
9,2767,0,0.015420102623796242,0,loso_subject_09.npz
9,2768,0,0.0073726734150263,0,loso_subject_09.npz
9,2769,0,0.7532397973524515,1,loso_subject_09.npz
9,2770,0,0.047175723921140555,0,loso_subject_09.npz
9,2772,0,0.17172598877827747,0,loso_subject_09.npz
9,2773,0,0.22096293039704665,0,loso_subject_09.npz
9,2774,0,0.005323287757105378,0,loso_subject_09.npz
9,2775,0,0.05934265864232206,0,loso_subject_09.npz
9,2776,0,0.0315747082093974,0,loso_subject_09.npz
9,2777,0,0.08578798271864539,0,loso_subject_09.npz
9,2778,0,0.18272747902921424,0,loso_subject_09.npz
9,2779,0,0.9654653146775002,1,loso_subject_09.npz
9,2780,0,0.8837658994632851,1,loso_subject_09.npz
9,2781,0,0.023570621747568292,0,loso_subject_09.npz
9,2782,0,0.005216115404740762,0,loso_subject_09.npz
9,2783,0,0.078466077977114,0,loso_subject_09.npz
9,2784,0,0.984033277655909,1,loso_subject_09.npz
9,2785,0,0.8506273917703251,1,loso_subject_09.npz
9,2786,0,0.008857696889317989,0,loso_subject_09.npz
9,2787,0,0.03533904653393762,0,loso_subject_09.npz
9,2790,0,0.09988100593224895,0,loso_subject_09.npz
9,2791,0,0.0011843268521888664,0,loso_subject_09.npz
9,2792,0,0.13906328154811,0,loso_subject_09.npz
9,2793,0,0.03131125940525727,0,loso_subject_09.npz
9,2794,0,0.0048927626197017935,0,loso_subject_09.npz
9,2795,0,0.0022057338271523497,0,loso_subject_09.npz
9,2796,0,0.008779047379793832,0,loso_subject_09.npz
9,2797,0,0.2524449316899446,0,loso_subject_09.npz
9,2798,0,0.06727901354699299,0,loso_subject_09.npz
9,2799,0,0.021019711417054415,0,loso_subject_09.npz
9,2800,0,0.2823722975479845,0,loso_subject_09.npz
9,2801,0,0.0656943614728076,0,loso_subject_09.npz
9,2802,0,0.9678059913216455,1,loso_subject_09.npz
9,2803,0,0.5531658550453771,1,loso_subject_09.npz
9,2804,0,0.016481817186955634,0,loso_subject_09.npz
9,2805,0,0.10636731822510583,0,loso_subject_09.npz
9,2806,0,0.08642589061936184,0,loso_subject_09.npz
9,2807,0,0.2217486270217344,0,loso_subject_09.npz
9,2808,0,0.023514450456047508,0,loso_subject_09.npz
9,2809,0,0.2826298633466015,0,loso_subject_09.npz
9,2810,0,0.07220188573443512,0,loso_subject_09.npz
9,2812,0,0.03507716069217346,0,loso_subject_09.npz
9,2813,0,0.030815932407228394,0,loso_subject_09.npz
9,2814,0,0.12416547127013655,0,loso_subject_09.npz
9,2815,0,0.02843467286748701,0,loso_subject_09.npz
9,2816,0,0.01410524245297412,0,loso_subject_09.npz
9,2818,0,0.9823318202123233,1,loso_subject_09.npz
9,2819,0,0.9804880359799215,1,loso_subject_09.npz
9,2820,0,0.9146526981166551,1,loso_subject_09.npz
9,2821,0,0.046719818435657534,0,loso_subject_09.npz
9,2822,0,0.8538438119129161,1,loso_subject_09.npz
9,2823,0,0.6568587274951906,1,loso_subject_09.npz
9,2824,0,0.5090626625508523,1,loso_subject_09.npz
9,2825,0,0.0730678192303185,0,loso_subject_09.npz
9,2826,0,0.1520229055340888,0,loso_subject_09.npz
9,2827,0,0.22034912007414034,0,loso_subject_09.npz
9,2829,0,0.004564833716663711,0,loso_subject_09.npz
9,2830,0,0.971684621633215,1,loso_subject_09.npz
9,2831,0,0.5662663603152326,1,loso_subject_09.npz
9,2832,0,0.410508551715206,0,loso_subject_09.npz
9,2833,0,0.8931377143652585,1,loso_subject_09.npz
9,2834,0,0.20929897038990825,0,loso_subject_09.npz
9,2835,0,0.1311517763076499,0,loso_subject_09.npz
9,2836,0,0.007770357413240596,0,loso_subject_09.npz
9,2837,0,0.18481761598900726,0,loso_subject_09.npz
9,2838,0,0.011098967721185187,0,loso_subject_09.npz
9,2839,0,0.016300046769942383,0,loso_subject_09.npz
9,2840,0,0.08015274945207801,0,loso_subject_09.npz
9,2841,0,0.13968307554358272,0,loso_subject_09.npz
9,2842,0,0.2886389178039853,0,loso_subject_09.npz
9,2843,0,0.5889802208247022,1,loso_subject_09.npz
9,2844,0,0.6672663539638731,1,loso_subject_09.npz
9,2846,0,0.2863894535946365,0,loso_subject_09.npz
9,2847,0,0.024595715668665866,0,loso_subject_09.npz
9,2848,0,0.009707718976833283,0,loso_subject_09.npz
9,2849,0,0.01599727321668317,0,loso_subject_09.npz
9,2850,0,0.00502831129125572,0,loso_subject_09.npz
9,2851,0,0.0035286662535820414,0,loso_subject_09.npz
9,2852,0,0.005752114341558798,0,loso_subject_09.npz
9,2853,0,0.03938458816101804,0,loso_subject_09.npz
9,2854,0,0.015222209113046592,0,loso_subject_09.npz
9,2855,0,0.13178898394456642,0,loso_subject_09.npz
9,2856,0,0.1503900555013001,0,loso_subject_09.npz
9,2857,0,0.13039774103791907,0,loso_subject_09.npz
9,2858,0,0.20349008564426538,0,loso_subject_09.npz
9,2860,0,0.03418521401990882,0,loso_subject_09.npz
9,2861,0,0.11046307603543974,0,loso_subject_09.npz
9,2862,0,0.023712674696285286,0,loso_subject_09.npz
9,2863,0,0.3492872715256469,0,loso_subject_09.npz
9,2864,0,0.18659139775572706,0,loso_subject_09.npz
9,2865,0,0.17388378058961768,0,loso_subject_09.npz
9,2866,0,0.04287861513369729,0,loso_subject_09.npz
9,2867,0,0.011704769320507423,0,loso_subject_09.npz
9,2868,0,0.5084911079656124,1,loso_subject_09.npz
9,2869,0,0.5505702190511261,1,loso_subject_09.npz
9,2870,0,0.5070597516372124,1,loso_subject_09.npz
9,2871,0,0.07396835927595287,0,loso_subject_09.npz
9,2872,0,0.0969073038981934,0,loso_subject_09.npz
9,2875,0,0.07276269315580092,0,loso_subject_09.npz
9,2876,0,0.7840720157524275,1,loso_subject_09.npz
9,2877,0,0.14020038404373336,0,loso_subject_09.npz
9,2878,0,0.4658612779581468,0,loso_subject_09.npz
9,2879,0,0.012387205505940191,0,loso_subject_09.npz
9,2880,0,0.15460285806759802,0,loso_subject_09.npz
9,2881,0,0.09685775340592216,0,loso_subject_09.npz
9,2882,0,0.038037776403016296,0,loso_subject_09.npz
9,2883,0,0.047203497416269315,0,loso_subject_09.npz
9,2884,0,0.0006354531914198833,0,loso_subject_09.npz
9,2885,0,0.19700361835760447,0,loso_subject_09.npz
9,2886,0,0.6939554537098426,1,loso_subject_09.npz
9,2887,0,0.00854060153735123,0,loso_subject_09.npz
9,2888,0,0.49559767743350563,0,loso_subject_09.npz
9,2889,0,0.5527167594365446,1,loso_subject_09.npz
9,2890,0,0.6821154437417534,1,loso_subject_09.npz
9,2891,0,0.6351296572308078,1,loso_subject_09.npz
9,2892,0,0.4292518642398279,0,loso_subject_09.npz
9,2894,0,0.18307272595287363,0,loso_subject_09.npz
9,2895,0,0.048242890218140995,0,loso_subject_09.npz
9,2896,0,0.39766816746736966,0,loso_subject_09.npz
9,2897,0,0.04283460428259991,0,loso_subject_09.npz
9,2898,0,0.07836761490488656,0,loso_subject_09.npz
9,2899,0,0.3237063611564338,0,loso_subject_09.npz
9,2900,0,0.9986534739369008,1,loso_subject_09.npz
9,2901,0,0.1971732292426539,0,loso_subject_09.npz
9,2902,0,0.08568465925939975,0,loso_subject_09.npz
9,2903,0,0.11456266639236097,0,loso_subject_09.npz
9,2904,0,0.6037749757980768,1,loso_subject_09.npz
9,2905,0,0.202981779043606,0,loso_subject_09.npz
9,2906,0,0.012162922461893154,0,loso_subject_09.npz
9,2907,0,0.06851104402452486,0,loso_subject_09.npz
9,2908,0,0.9788133690149152,1,loso_subject_09.npz
9,2909,0,0.9534897741517455,1,loso_subject_09.npz
9,2910,0,0.043142318721514826,0,loso_subject_09.npz
9,2911,0,0.3236067097626335,0,loso_subject_09.npz
9,2912,0,0.9330055279641539,1,loso_subject_09.npz
9,2913,0,0.8080548738135239,1,loso_subject_09.npz
9,2914,0,0.7521959001202175,1,loso_subject_09.npz
9,2915,0,0.17251870477653689,0,loso_subject_09.npz
9,2916,1,0.9517442083116693,1,loso_subject_09.npz
9,2917,1,0.8533694072830871,1,loso_subject_09.npz
9,2918,1,0.9739541556971112,1,loso_subject_09.npz
9,2919,1,0.9342977505377833,1,loso_subject_09.npz
9,2920,1,0.9967904445212503,1,loso_subject_09.npz
9,2921,1,0.9154556460004174,1,loso_subject_09.npz
9,2922,1,0.9400869903095391,1,loso_subject_09.npz
9,2924,1,0.9695593401181292,1,loso_subject_09.npz
9,2925,1,0.9856735272976445,1,loso_subject_09.npz
9,2926,1,0.9629856382296388,1,loso_subject_09.npz
9,2927,1,0.9561050278401085,1,loso_subject_09.npz
9,2928,1,0.9590476317014549,1,loso_subject_09.npz
9,2929,1,0.9505633869253138,1,loso_subject_09.npz
9,2930,1,0.8801259458258706,1,loso_subject_09.npz
9,2931,1,0.9957423721026294,1,loso_subject_09.npz
9,2932,1,0.9693419919808255,1,loso_subject_09.npz
9,2933,1,0.9987373163452317,1,loso_subject_09.npz
9,2934,1,0.9978721183819486,1,loso_subject_09.npz
9,2935,1,0.9575093374917856,1,loso_subject_09.npz
9,2936,1,0.6907247211490424,1,loso_subject_09.npz
9,2937,1,0.9737324956555483,1,loso_subject_09.npz
9,2938,1,0.9477601206531677,1,loso_subject_09.npz
9,2939,1,0.9820531079020245,1,loso_subject_09.npz
9,2940,1,0.6507203719606531,1,loso_subject_09.npz
9,2941,1,0.8154369459739966,1,loso_subject_09.npz
9,2942,1,0.9825256612831195,1,loso_subject_09.npz
9,2943,1,0.9934288851941958,1,loso_subject_09.npz
9,2944,1,0.9947282838922418,1,loso_subject_09.npz
9,2945,1,0.9957874394722682,1,loso_subject_09.npz
9,2946,1,0.9670084030089063,1,loso_subject_09.npz
9,2947,1,0.9456555685558671,1,loso_subject_09.npz
9,2948,1,0.9955166053812543,1,loso_subject_09.npz
9,2949,1,0.9056315277999107,1,loso_subject_09.npz
9,2950,1,0.9376405001839612,1,loso_subject_09.npz
9,2951,1,0.48757726218382286,0,loso_subject_09.npz
9,2953,1,0.986265339151152,1,loso_subject_09.npz
9,2954,1,0.9405735814548546,1,loso_subject_09.npz
9,2955,1,0.9886728931049793,1,loso_subject_09.npz
9,2957,1,0.9201745378015058,1,loso_subject_09.npz
9,2958,1,0.9983054123365578,1,loso_subject_09.npz
9,2959,1,0.9968872735399491,1,loso_subject_09.npz
9,2960,1,0.9738616434762655,1,loso_subject_09.npz
9,2961,1,0.9781882350020986,1,loso_subject_09.npz
9,2962,1,0.9820028458750876,1,loso_subject_09.npz
9,2963,1,0.8849438049172159,1,loso_subject_09.npz
9,2964,1,0.9820951364999576,1,loso_subject_09.npz
9,2965,1,0.995473839985003,1,loso_subject_09.npz
9,2966,1,0.9936311733786035,1,loso_subject_09.npz
9,2967,1,0.9727496218162355,1,loso_subject_09.npz
9,2968,1,0.9513495140931751,1,loso_subject_09.npz
9,2969,1,0.9734735010648332,1,loso_subject_09.npz
9,2970,1,0.9878025834006622,1,loso_subject_09.npz
9,2971,1,0.9930902441007962,1,loso_subject_09.npz
9,2972,1,0.8636444712011734,1,loso_subject_09.npz
9,2973,1,0.9484385756256477,1,loso_subject_09.npz
9,2974,1,0.9655594525622349,1,loso_subject_09.npz
9,2975,1,0.9421943841771597,1,loso_subject_09.npz
9,2976,1,0.8526839895164584,1,loso_subject_09.npz
9,2977,1,0.8518540801988336,1,loso_subject_09.npz
9,2978,1,0.9591620638720867,1,loso_subject_09.npz
9,2979,1,0.982103848753325,1,loso_subject_09.npz
9,2980,1,0.8842096943334524,1,loso_subject_09.npz
9,2981,1,0.8780612901018369,1,loso_subject_09.npz
9,2982,1,0.9972569738983118,1,loso_subject_09.npz
9,2983,1,0.9650058230753084,1,loso_subject_09.npz
9,2984,1,0.994619678574564,1,loso_subject_09.npz
9,2985,1,0.9760766050413932,1,loso_subject_09.npz
9,2986,1,0.6392087173526373,1,loso_subject_09.npz
9,2987,1,0.8695998894058182,1,loso_subject_09.npz
9,2988,1,0.952240732713056,1,loso_subject_09.npz
9,2989,1,0.9860189786118538,1,loso_subject_09.npz
9,2990,1,0.9187105479876566,1,loso_subject_09.npz
9,2991,1,0.9788431583760117,1,loso_subject_09.npz
9,2992,1,0.8390933812014068,1,loso_subject_09.npz
9,2993,1,0.9843842633201455,1,loso_subject_09.npz
9,2994,1,0.9732735155477769,1,loso_subject_09.npz
9,2995,1,0.7938014082165474,1,loso_subject_09.npz
9,2996,1,0.8431468912066017,1,loso_subject_09.npz
9,2997,1,0.9432966311034712,1,loso_subject_09.npz
9,2998,1,0.9363737934281083,1,loso_subject_09.npz
9,2999,1,0.9157950029879021,1,loso_subject_09.npz
9,3001,1,0.9968594765427898,1,loso_subject_09.npz
9,3002,1,0.9018384087151086,1,loso_subject_09.npz
9,3003,1,0.920288722347114,1,loso_subject_09.npz
9,3004,1,0.9348557164009094,1,loso_subject_09.npz
9,3005,1,0.8793071633071323,1,loso_subject_09.npz
9,3006,1,0.9658985572754935,1,loso_subject_09.npz
9,3007,1,0.8893141703521708,1,loso_subject_09.npz
9,3008,1,0.9940172764866504,1,loso_subject_09.npz
9,3009,1,0.9247392094858308,1,loso_subject_09.npz
9,3010,1,0.7765708632835305,1,loso_subject_09.npz
9,3011,1,0.9828508517543233,1,loso_subject_09.npz
9,3012,1,0.9946600393253101,1,loso_subject_09.npz
9,3013,1,0.7291896839978285,1,loso_subject_09.npz
9,3014,1,0.9797050798411455,1,loso_subject_09.npz
9,3015,1,0.7908343952534148,1,loso_subject_09.npz
9,3016,1,0.9995859251637932,1,loso_subject_09.npz
9,3017,1,0.8976962648452989,1,loso_subject_09.npz
9,3018,1,0.9898650048848464,1,loso_subject_09.npz
9,3019,1,0.9392122142901462,1,loso_subject_09.npz
9,3020,1,0.9371163866337852,1,loso_subject_09.npz
9,3021,1,0.986983698108921,1,loso_subject_09.npz
9,3022,1,0.9709271151207189,1,loso_subject_09.npz
9,3023,1,0.7162134227704716,1,loso_subject_09.npz
9,3024,1,0.8744302761466445,1,loso_subject_09.npz
9,3025,1,0.9428213206697859,1,loso_subject_09.npz
9,3026,1,0.9261566294531128,1,loso_subject_09.npz
9,3027,1,0.8954940323025378,1,loso_subject_09.npz
9,3028,1,0.6960947745309987,1,loso_subject_09.npz
9,3029,1,0.5675944973835879,1,loso_subject_09.npz
9,3031,1,0.8764473799770711,1,loso_subject_09.npz
9,3032,1,0.9534016353949927,1,loso_subject_09.npz
9,3033,1,0.8879577137373303,1,loso_subject_09.npz
9,3034,1,0.9190095847291411,1,loso_subject_09.npz
9,3035,1,0.5549232908221319,1,loso_subject_09.npz
9,3036,1,0.6911729152841598,1,loso_subject_09.npz
9,3037,1,0.8887593230518513,1,loso_subject_09.npz
9,3038,1,0.8816401934524832,1,loso_subject_09.npz
9,3039,1,0.9076874346885897,1,loso_subject_09.npz
9,3040,1,0.9603598606108974,1,loso_subject_09.npz
9,3041,1,0.9511102534442383,1,loso_subject_09.npz
9,3042,1,0.910158730235891,1,loso_subject_09.npz
9,3043,1,0.9372338618745565,1,loso_subject_09.npz
9,3044,1,0.9852656746453219,1,loso_subject_09.npz
9,3045,1,0.9552722632945952,1,loso_subject_09.npz
9,3046,1,0.9219448566682649,1,loso_subject_09.npz
9,3047,1,0.9727308148383175,1,loso_subject_09.npz
9,3048,1,0.1822760009623741,0,loso_subject_09.npz
9,3049,1,0.8849180225358793,1,loso_subject_09.npz
9,3050,1,0.9153434778130883,1,loso_subject_09.npz
9,3051,1,0.9565682552650435,1,loso_subject_09.npz
9,3052,1,0.984337037617119,1,loso_subject_09.npz
9,3053,1,0.9822304604609833,1,loso_subject_09.npz
9,3054,1,0.6726730382904998,1,loso_subject_09.npz
9,3055,1,0.8694977784628324,1,loso_subject_09.npz
9,3056,1,0.9892709996282256,1,loso_subject_09.npz
9,3057,1,0.9176271648081694,1,loso_subject_09.npz
9,3058,1,0.6564201675330896,1,loso_subject_09.npz
9,3059,1,0.9035006850262568,1,loso_subject_09.npz
9,3060,1,0.8384575798155837,1,loso_subject_09.npz
9,3061,1,0.9474950944854706,1,loso_subject_09.npz
9,3062,1,0.7810119464831122,1,loso_subject_09.npz
9,3063,1,0.994341526231507,1,loso_subject_09.npz
9,3064,1,0.9968991312141166,1,loso_subject_09.npz
9,3065,1,0.6138376910185361,1,loso_subject_09.npz
9,3067,1,0.9751962680929307,1,loso_subject_09.npz
9,3068,1,0.9676950175596727,1,loso_subject_09.npz
9,3069,1,0.9354187946388075,1,loso_subject_09.npz
9,3070,1,0.696946136557916,1,loso_subject_09.npz
9,3071,1,0.7360325250348382,1,loso_subject_09.npz
9,3072,1,0.861408873364962,1,loso_subject_09.npz
9,3073,1,0.7658871771200507,1,loso_subject_09.npz
9,3074,1,0.8817276435072752,1,loso_subject_09.npz
9,3075,1,0.9442457036722604,1,loso_subject_09.npz
9,3076,1,0.8630244704084623,1,loso_subject_09.npz
9,3077,1,0.9097783253908023,1,loso_subject_09.npz
9,3078,1,0.6342291271169993,1,loso_subject_09.npz
9,3079,1,0.9950568264619192,1,loso_subject_09.npz
9,3080,1,0.7941159811840367,1,loso_subject_09.npz
9,3081,1,0.8777328167275044,1,loso_subject_09.npz
9,3082,1,0.7774769730035641,1,loso_subject_09.npz
9,3083,1,0.49152923011452565,0,loso_subject_09.npz
9,3084,1,0.9396274262942844,1,loso_subject_09.npz
9,3085,1,0.8791190536569854,1,loso_subject_09.npz
9,3086,1,0.5367206878472789,1,loso_subject_09.npz
9,3088,1,0.6860497904124564,1,loso_subject_09.npz
9,3089,1,0.9834850082119989,1,loso_subject_09.npz
9,3090,1,0.9401875575552531,1,loso_subject_09.npz
9,3091,1,0.9529720055703723,1,loso_subject_09.npz
9,3092,1,0.9655406807435583,1,loso_subject_09.npz
9,3094,1,0.9985963571925376,1,loso_subject_09.npz
9,3095,1,0.7756127662316189,1,loso_subject_09.npz
9,3096,1,0.9802069241578112,1,loso_subject_09.npz
9,3097,1,0.6658613406293593,1,loso_subject_09.npz
9,3098,1,0.4764848466590851,0,loso_subject_09.npz
9,3099,1,0.975874233785706,1,loso_subject_09.npz
9,3100,1,0.8912984683468483,1,loso_subject_09.npz
9,3101,1,0.4405944037717722,0,loso_subject_09.npz
9,3102,1,0.5739300158628319,1,loso_subject_09.npz
9,3103,1,0.9470781596088075,1,loso_subject_09.npz
9,3104,1,0.9473949095257121,1,loso_subject_09.npz
9,3105,1,0.9390816017432653,1,loso_subject_09.npz
9,3106,1,0.9215159400755387,1,loso_subject_09.npz
9,3107,1,0.9655416767182881,1,loso_subject_09.npz
9,3108,1,0.9508398057982147,1,loso_subject_09.npz
9,3109,1,0.6571506858524291,1,loso_subject_09.npz
9,3110,1,0.911400261851466,1,loso_subject_09.npz
9,3111,1,0.8334701644662873,1,loso_subject_09.npz
9,3112,1,0.5162913368106711,1,loso_subject_09.npz
9,3113,1,0.9981818894657601,1,loso_subject_09.npz
9,3114,1,0.8772798239774952,1,loso_subject_09.npz
9,3115,1,0.7315991248324721,1,loso_subject_09.npz
9,3116,1,0.9399397043191421,1,loso_subject_09.npz
9,3117,1,0.9916124780636004,1,loso_subject_09.npz
10,3118,0,0.2807907725814651,0,loso_subject_10.npz
10,3119,0,0.411968865535382,0,loso_subject_10.npz
10,3120,0,0.01844106931082781,0,loso_subject_10.npz
10,3121,0,0.12998943346404507,0,loso_subject_10.npz
10,3122,0,0.22741566487272555,0,loso_subject_10.npz
10,3123,0,0.04452475490352756,0,loso_subject_10.npz
10,3124,0,0.06452154739818934,0,loso_subject_10.npz
10,3125,0,0.27089178730923963,0,loso_subject_10.npz
10,3126,0,0.020342897557345786,0,loso_subject_10.npz
10,3127,0,0.026687946247114094,0,loso_subject_10.npz
10,3128,0,0.4871328796391624,0,loso_subject_10.npz
10,3129,0,0.3887591934517474,0,loso_subject_10.npz
10,3130,0,0.009990026719608204,0,loso_subject_10.npz
10,3131,0,0.488355278186827,0,loso_subject_10.npz
10,3132,0,0.07563989467828341,0,loso_subject_10.npz
10,3133,0,0.18612725849254558,0,loso_subject_10.npz
10,3134,0,0.07143163328225625,0,loso_subject_10.npz
10,3135,0,0.15910755257273934,0,loso_subject_10.npz
10,3136,0,0.06187589054767226,0,loso_subject_10.npz
10,3137,0,0.2873499268520604,0,loso_subject_10.npz
10,3138,0,0.3699542893279415,0,loso_subject_10.npz
10,3139,0,0.184500918988536,0,loso_subject_10.npz
10,3140,0,0.2873282429965434,0,loso_subject_10.npz
10,3141,0,0.32499482896026294,0,loso_subject_10.npz
10,3142,0,0.08671008060547437,0,loso_subject_10.npz
10,3143,0,0.2184617365404749,0,loso_subject_10.npz
10,3144,0,0.07867506732928992,0,loso_subject_10.npz
10,3145,0,0.01989079347765206,0,loso_subject_10.npz
10,3146,0,0.025898509983466992,0,loso_subject_10.npz
10,3147,0,0.03751069314531806,0,loso_subject_10.npz
10,3148,0,0.007141155241708461,0,loso_subject_10.npz
10,3149,0,0.0611082660314927,0,loso_subject_10.npz
10,3150,0,0.11072362156059798,0,loso_subject_10.npz
10,3151,0,0.052427225963652895,0,loso_subject_10.npz
10,3152,0,0.0729610171903279,0,loso_subject_10.npz
10,3153,0,0.017923515832353094,0,loso_subject_10.npz
10,3154,0,0.03540835340986143,0,loso_subject_10.npz
10,3155,0,0.004274782342441235,0,loso_subject_10.npz
10,3156,0,0.020774808696325458,0,loso_subject_10.npz
10,3157,0,0.2311927159440459,0,loso_subject_10.npz
10,3158,0,0.08990915909295732,0,loso_subject_10.npz
10,3159,0,0.03348544963120971,0,loso_subject_10.npz
10,3160,0,0.06904196844668388,0,loso_subject_10.npz
10,3161,0,0.02279380012965658,0,loso_subject_10.npz
10,3162,0,0.01738664254995458,0,loso_subject_10.npz
10,3163,0,0.03784742995441472,0,loso_subject_10.npz
10,3164,0,0.06940108777693707,0,loso_subject_10.npz
10,3165,0,0.010485188021543359,0,loso_subject_10.npz
10,3166,0,0.03382378535472209,0,loso_subject_10.npz
10,3167,0,0.013299639841903667,0,loso_subject_10.npz
10,3168,0,0.052610514223109424,0,loso_subject_10.npz
10,3169,0,0.09100893431339489,0,loso_subject_10.npz
10,3170,0,0.02076443993214279,0,loso_subject_10.npz
10,3171,0,0.19922826495141047,0,loso_subject_10.npz
10,3172,0,0.041522611997842206,0,loso_subject_10.npz
10,3173,0,0.015353322752767065,0,loso_subject_10.npz
10,3174,0,0.003167706181102099,0,loso_subject_10.npz
10,3175,0,0.015725524948264742,0,loso_subject_10.npz
10,3176,0,0.018141532850304648,0,loso_subject_10.npz
10,3177,0,0.08283199205030321,0,loso_subject_10.npz
10,3178,0,0.020359007223667673,0,loso_subject_10.npz
10,3179,0,0.012787387884912913,0,loso_subject_10.npz
10,3180,0,0.02411885632617641,0,loso_subject_10.npz
10,3182,0,0.035445057184799296,0,loso_subject_10.npz
10,3183,0,0.008041406062646587,0,loso_subject_10.npz
10,3184,0,0.12952027057731677,0,loso_subject_10.npz
10,3185,0,0.00998265499422517,0,loso_subject_10.npz
10,3186,0,0.029765565200974956,0,loso_subject_10.npz
10,3187,0,0.03287105538410287,0,loso_subject_10.npz
10,3188,0,0.09387147835667418,0,loso_subject_10.npz
10,3189,0,0.12610883244970436,0,loso_subject_10.npz
10,3190,0,0.058398013049334854,0,loso_subject_10.npz
10,3191,0,0.011665950649599658,0,loso_subject_10.npz
10,3192,0,0.008054394704038386,0,loso_subject_10.npz
10,3193,0,0.06300974609683348,0,loso_subject_10.npz
10,3195,0,0.07095231336231547,0,loso_subject_10.npz
10,3196,0,0.02295181443085647,0,loso_subject_10.npz
10,3197,0,0.025197144759778016,0,loso_subject_10.npz
10,3198,0,0.08862039573062497,0,loso_subject_10.npz
10,3199,0,0.2487167661354067,0,loso_subject_10.npz
10,3200,0,0.06680985607046043,0,loso_subject_10.npz
10,3201,0,0.23505627742335128,0,loso_subject_10.npz
10,3202,0,0.008970534331003026,0,loso_subject_10.npz
10,3203,0,0.0278387546914934,0,loso_subject_10.npz
10,3204,0,0.01660153356610753,0,loso_subject_10.npz
10,3205,0,0.036447552794345854,0,loso_subject_10.npz
10,3206,0,0.005763580688583956,0,loso_subject_10.npz
10,3207,0,0.03045253862183661,0,loso_subject_10.npz
10,3208,0,0.012481751268779028,0,loso_subject_10.npz
10,3209,0,0.12578997720553578,0,loso_subject_10.npz
10,3211,0,0.01512630003365666,0,loso_subject_10.npz
10,3212,0,0.020005566577242923,0,loso_subject_10.npz
10,3213,0,0.012638979012755226,0,loso_subject_10.npz
10,3214,0,0.02883248825354999,0,loso_subject_10.npz
10,3215,0,0.017053046712941798,0,loso_subject_10.npz
10,3216,0,0.06419684640183694,0,loso_subject_10.npz
10,3217,0,0.008377691161054118,0,loso_subject_10.npz
10,3218,0,0.097992522316639,0,loso_subject_10.npz
10,3219,0,0.008099316883816246,0,loso_subject_10.npz
10,3220,0,0.011867207868116353,0,loso_subject_10.npz
10,3221,0,0.04180500883206127,0,loso_subject_10.npz
10,3222,0,0.02014106099478703,0,loso_subject_10.npz
10,3223,0,0.017151880324566573,0,loso_subject_10.npz
10,3224,0,0.010913134614659304,0,loso_subject_10.npz
10,3225,0,0.04564916976902427,0,loso_subject_10.npz
10,3226,0,0.016192280907023442,0,loso_subject_10.npz
10,3227,0,0.13772414192234486,0,loso_subject_10.npz
10,3228,0,0.13245331462998797,0,loso_subject_10.npz
10,3229,0,0.07765951425088025,0,loso_subject_10.npz
10,3230,0,0.011232058325888571,0,loso_subject_10.npz
10,3231,0,0.13626995055792485,0,loso_subject_10.npz
10,3233,0,0.03650455908811169,0,loso_subject_10.npz
10,3234,0,0.05801683308020046,0,loso_subject_10.npz
10,3235,0,0.04473428467426188,0,loso_subject_10.npz
10,3236,0,0.05489321362779477,0,loso_subject_10.npz
10,3237,0,0.01737812454049305,0,loso_subject_10.npz
10,3238,0,0.05572200467923118,0,loso_subject_10.npz
10,3239,0,0.06828029777848875,0,loso_subject_10.npz
10,3240,0,0.027074908893354874,0,loso_subject_10.npz
10,3241,0,0.027055080805284352,0,loso_subject_10.npz
10,3242,0,0.06682316885396937,0,loso_subject_10.npz
10,3243,0,0.2473570748620688,0,loso_subject_10.npz
10,3244,0,0.01236939147537444,0,loso_subject_10.npz
10,3245,0,0.3184906522018807,0,loso_subject_10.npz
10,3246,0,0.14837500128804226,0,loso_subject_10.npz
10,3247,0,0.00409014594975147,0,loso_subject_10.npz
10,3248,0,0.04758818207940915,0,loso_subject_10.npz
10,3249,0,0.09082711489042186,0,loso_subject_10.npz
10,3250,0,0.006815144325961765,0,loso_subject_10.npz
10,3251,0,0.052449204009169983,0,loso_subject_10.npz
10,3252,0,0.04661968603691504,0,loso_subject_10.npz
10,3253,0,0.09710261562217119,0,loso_subject_10.npz
10,3254,0,0.018002142987013883,0,loso_subject_10.npz
10,3255,0,0.02873728118114651,0,loso_subject_10.npz
10,3256,0,0.12509215075083027,0,loso_subject_10.npz
10,3257,0,0.02902702015870824,0,loso_subject_10.npz
10,3258,0,0.024511080853840603,0,loso_subject_10.npz
10,3259,0,0.022565130053654386,0,loso_subject_10.npz
10,3260,0,0.029815357914521754,0,loso_subject_10.npz
10,3261,0,0.09248222325854424,0,loso_subject_10.npz
10,3262,0,0.029110428127138873,0,loso_subject_10.npz
10,3263,0,0.04631869362639888,0,loso_subject_10.npz
10,3264,0,0.016154203979368762,0,loso_subject_10.npz
10,3265,0,0.16953011162848344,0,loso_subject_10.npz
10,3266,0,0.10855887330973768,0,loso_subject_10.npz
10,3267,0,0.05013827964078347,0,loso_subject_10.npz
10,3268,0,0.03204980774941644,0,loso_subject_10.npz
10,3269,0,0.08727493345053997,0,loso_subject_10.npz
10,3270,0,0.10451866136376127,0,loso_subject_10.npz
10,3271,0,0.040630691622877566,0,loso_subject_10.npz
10,3272,0,0.010763965888214658,0,loso_subject_10.npz
10,3273,0,0.08542780313052911,0,loso_subject_10.npz
10,3274,0,0.036786881036257706,0,loso_subject_10.npz
10,3275,0,0.02081922316210422,0,loso_subject_10.npz
10,3276,0,0.06685189929079446,0,loso_subject_10.npz
10,3277,0,0.13336583211416497,0,loso_subject_10.npz
10,3279,0,0.009293529593814891,0,loso_subject_10.npz
10,3280,0,0.014952738672222415,0,loso_subject_10.npz
10,3281,0,0.22241028784196268,0,loso_subject_10.npz
10,3282,0,0.010691953417849502,0,loso_subject_10.npz
10,3283,0,0.06963648346657739,0,loso_subject_10.npz
10,3284,0,0.10414402361061059,0,loso_subject_10.npz
10,3285,0,0.04714216940452293,0,loso_subject_10.npz
10,3286,0,0.028813618294992616,0,loso_subject_10.npz
10,3287,0,0.054796713607845944,0,loso_subject_10.npz
10,3288,0,0.08091762023932682,0,loso_subject_10.npz
10,3289,0,0.031371456357374226,0,loso_subject_10.npz
10,3290,0,0.04561611578905594,0,loso_subject_10.npz
10,3291,0,0.028063483224161873,0,loso_subject_10.npz
10,3292,0,0.03606072335691519,0,loso_subject_10.npz
10,3293,0,0.0874219552026759,0,loso_subject_10.npz
10,3294,0,0.06752730328043578,0,loso_subject_10.npz
10,3295,0,0.40845463510774926,0,loso_subject_10.npz
10,3296,0,0.015798625597058368,0,loso_subject_10.npz
10,3297,0,0.025566124063473295,0,loso_subject_10.npz
10,3298,0,0.17539370030612206,0,loso_subject_10.npz
10,3299,0,0.004787009658346762,0,loso_subject_10.npz
10,3300,0,0.034804869620822916,0,loso_subject_10.npz
10,3301,0,0.1480780284398228,0,loso_subject_10.npz
10,3302,0,0.22277477480204055,0,loso_subject_10.npz
10,3303,0,0.01518124401300195,0,loso_subject_10.npz
10,3304,0,0.06084956791135331,0,loso_subject_10.npz
10,3305,0,0.028836166574867216,0,loso_subject_10.npz
10,3306,0,0.04633074792868828,0,loso_subject_10.npz
10,3307,0,0.010044338727212318,0,loso_subject_10.npz
10,3308,0,0.024164219375011425,0,loso_subject_10.npz
10,3309,0,0.08253095268136562,0,loso_subject_10.npz
10,3310,0,0.040837477520206736,0,loso_subject_10.npz
10,3311,0,0.027219814932008698,0,loso_subject_10.npz
10,3312,0,0.009689119585481708,0,loso_subject_10.npz
10,3313,0,0.14906340382315272,0,loso_subject_10.npz
10,3314,0,0.15449261039447731,0,loso_subject_10.npz
10,3315,0,0.08633096071332619,0,loso_subject_10.npz
10,3316,0,0.03415916897119132,0,loso_subject_10.npz
10,3317,0,0.04359490355953707,0,loso_subject_10.npz
10,3318,0,0.016201263669463277,0,loso_subject_10.npz
10,3319,0,0.1235661768276563,0,loso_subject_10.npz
10,3320,0,0.048716596866881616,0,loso_subject_10.npz
10,3321,0,0.04086901220411166,0,loso_subject_10.npz
10,3322,0,0.17663202195399613,0,loso_subject_10.npz
10,3323,0,0.2676434660853139,0,loso_subject_10.npz
10,3324,0,0.06154387943809331,0,loso_subject_10.npz
10,3325,0,0.020339745631248914,0,loso_subject_10.npz
10,3326,0,0.04952224603024841,0,loso_subject_10.npz
10,3327,0,0.004707260212742204,0,loso_subject_10.npz
10,3328,0,0.012554124311006366,0,loso_subject_10.npz
10,3329,0,0.05180669235017412,0,loso_subject_10.npz
10,3330,0,0.006621108431528556,0,loso_subject_10.npz
10,3331,0,0.2589931109112677,0,loso_subject_10.npz
10,3332,0,0.012941957852069292,0,loso_subject_10.npz
10,3333,0,0.04393158962351273,0,loso_subject_10.npz
10,3334,0,0.5513739941519185,1,loso_subject_10.npz
10,3335,0,0.030220197164673897,0,loso_subject_10.npz
10,3336,0,0.03794302272914373,0,loso_subject_10.npz
10,3337,0,0.010890956449745226,0,loso_subject_10.npz
10,3338,0,0.032451941506980574,0,loso_subject_10.npz
10,3339,0,0.049222729422754616,0,loso_subject_10.npz
10,3340,0,0.012737117523963242,0,loso_subject_10.npz
10,3341,0,0.06467315635501736,0,loso_subject_10.npz
10,3342,0,0.03546692393760838,0,loso_subject_10.npz
10,3343,0,0.07570115966722253,0,loso_subject_10.npz
10,3344,0,0.01607117942766548,0,loso_subject_10.npz
10,3345,0,0.008573793925936256,0,loso_subject_10.npz
10,3346,0,0.13138309042912258,0,loso_subject_10.npz
10,3347,0,0.017814868776528145,0,loso_subject_10.npz
10,3348,0,0.024849830327467574,0,loso_subject_10.npz
10,3349,0,0.050742676529265625,0,loso_subject_10.npz
10,3350,0,0.027262271576021343,0,loso_subject_10.npz
10,3351,0,0.01549355342536449,0,loso_subject_10.npz
10,3352,0,0.011712910706358097,0,loso_subject_10.npz
10,3353,0,0.02929889341417401,0,loso_subject_10.npz
10,3354,0,0.05360017860382769,0,loso_subject_10.npz
10,3355,0,0.009566863230077547,0,loso_subject_10.npz
10,3356,0,0.055614541068620335,0,loso_subject_10.npz
10,3357,0,0.01428670327215907,0,loso_subject_10.npz
10,3358,0,0.37820009870519306,0,loso_subject_10.npz
10,3359,0,0.04881823902209388,0,loso_subject_10.npz
10,3360,0,0.1356586300293421,0,loso_subject_10.npz
10,3361,0,0.01865457217654529,0,loso_subject_10.npz
10,3362,0,0.10139706548166073,0,loso_subject_10.npz
10,3363,0,0.02624167374245327,0,loso_subject_10.npz
10,3364,0,0.01334311018597806,0,loso_subject_10.npz
10,3365,0,0.011708307313190718,0,loso_subject_10.npz
10,3366,0,0.1041694955519301,0,loso_subject_10.npz
10,3367,0,0.007121815486774162,0,loso_subject_10.npz
10,3368,0,0.1417052065250946,0,loso_subject_10.npz
10,3369,0,0.055531489736541116,0,loso_subject_10.npz
10,3370,0,0.022411554089722844,0,loso_subject_10.npz
10,3371,0,0.007278076331596653,0,loso_subject_10.npz
10,3372,0,0.04025551886288177,0,loso_subject_10.npz
10,3373,0,0.04737463860124988,0,loso_subject_10.npz
10,3374,0,0.025852811245308912,0,loso_subject_10.npz
10,3376,0,0.031071960577215844,0,loso_subject_10.npz
10,3377,0,0.09821985006510124,0,loso_subject_10.npz
10,3378,0,0.017009090004488844,0,loso_subject_10.npz
10,3379,0,0.008747059809784736,0,loso_subject_10.npz
10,3380,0,0.041945055201937816,0,loso_subject_10.npz
10,3381,0,0.14302473716981187,0,loso_subject_10.npz
10,3382,0,0.005647188515791887,0,loso_subject_10.npz
10,3383,0,0.10762783492024691,0,loso_subject_10.npz
10,3384,0,0.24655413991568878,0,loso_subject_10.npz
10,3385,0,0.09376694519937792,0,loso_subject_10.npz
10,3386,0,0.051956955439220895,0,loso_subject_10.npz
10,3387,0,0.028267899785298468,0,loso_subject_10.npz
10,3388,0,0.030184541475980296,0,loso_subject_10.npz
10,3389,0,0.06933095804614106,0,loso_subject_10.npz
10,3390,0,0.009028208467741619,0,loso_subject_10.npz
10,3391,0,0.010828997714371572,0,loso_subject_10.npz
10,3392,0,0.04011759229545817,0,loso_subject_10.npz
10,3393,0,0.03358767857881885,0,loso_subject_10.npz
10,3394,0,0.08754762732219319,0,loso_subject_10.npz
10,3395,0,0.03327676693931352,0,loso_subject_10.npz
10,3396,0,0.10087719657389542,0,loso_subject_10.npz
10,3398,0,0.013440548625170915,0,loso_subject_10.npz
10,3399,0,0.062456292683796065,0,loso_subject_10.npz
10,3400,0,0.015867391908878176,0,loso_subject_10.npz
10,3401,0,0.0073612088230909645,0,loso_subject_10.npz
10,3402,0,0.2290615950423464,0,loso_subject_10.npz
10,3403,0,0.012544166597849626,0,loso_subject_10.npz
10,3404,0,0.044613378475892036,0,loso_subject_10.npz
10,3405,0,0.03434285679122382,0,loso_subject_10.npz
10,3406,0,0.03159200341176356,0,loso_subject_10.npz
10,3407,0,0.018507094134450397,0,loso_subject_10.npz
10,3408,0,0.04886074321415203,0,loso_subject_10.npz
10,3409,0,0.04569894185462184,0,loso_subject_10.npz
10,3410,0,0.2699431301784281,0,loso_subject_10.npz
10,3411,0,0.02653554836465791,0,loso_subject_10.npz
10,3412,0,0.12205257016115405,0,loso_subject_10.npz
10,3413,0,0.029712760973290755,0,loso_subject_10.npz
10,3414,0,0.055844113968271346,0,loso_subject_10.npz
10,3415,0,0.05470171074197986,0,loso_subject_10.npz
10,3416,0,0.016157046245229123,0,loso_subject_10.npz
10,3417,0,0.023289986553223084,0,loso_subject_10.npz
10,3418,0,0.020944971343526294,0,loso_subject_10.npz
10,3419,0,0.02955663593129647,0,loso_subject_10.npz
10,3420,0,0.006850786064970044,0,loso_subject_10.npz
10,3421,0,0.07427982738196541,0,loso_subject_10.npz
10,3422,0,0.11406952441246797,0,loso_subject_10.npz
10,3423,0,0.03688425637985662,0,loso_subject_10.npz
10,3424,0,0.010205872630828316,0,loso_subject_10.npz
10,3425,0,0.048350222028794985,0,loso_subject_10.npz
10,3426,0,0.0199792776613294,0,loso_subject_10.npz
10,3427,0,0.3271807574518523,0,loso_subject_10.npz
10,3428,0,0.20589308623675287,0,loso_subject_10.npz
10,3429,0,0.015046582193455501,0,loso_subject_10.npz
10,3430,0,0.24487966535989758,0,loso_subject_10.npz
10,3431,0,0.023259059813943085,0,loso_subject_10.npz
10,3433,0,0.12068602776474459,0,loso_subject_10.npz
10,3434,0,0.016708526573373267,0,loso_subject_10.npz
10,3435,0,0.13024279479789927,0,loso_subject_10.npz
10,3436,0,0.09326191623774172,0,loso_subject_10.npz
10,3437,0,0.021438714846155203,0,loso_subject_10.npz
10,3438,0,0.039942247742940855,0,loso_subject_10.npz
10,3439,0,0.019792744457181734,0,loso_subject_10.npz
10,3440,0,0.01984357743447398,0,loso_subject_10.npz
10,3441,0,0.033239730124321305,0,loso_subject_10.npz
10,3442,0,0.01164027178598937,0,loso_subject_10.npz
10,3443,0,0.02036080437028956,0,loso_subject_10.npz
10,3444,0,0.026100099752358105,0,loso_subject_10.npz
10,3445,0,0.10341738112470367,0,loso_subject_10.npz
10,3446,0,0.01032941217312312,0,loso_subject_10.npz
10,3447,0,0.05823996871973645,0,loso_subject_10.npz
10,3448,0,0.13622606048117125,0,loso_subject_10.npz
10,3449,0,0.018778274019827856,0,loso_subject_10.npz
10,3450,0,0.06745178693891896,0,loso_subject_10.npz
10,3451,0,0.01984771055475423,0,loso_subject_10.npz
10,3452,0,0.040003284734109086,0,loso_subject_10.npz
10,3453,0,0.0042593108544220016,0,loso_subject_10.npz
10,3454,0,0.014371733776134238,0,loso_subject_10.npz
10,3455,0,0.021108906196038123,0,loso_subject_10.npz
10,3456,0,0.022572672631754546,0,loso_subject_10.npz
10,3457,0,0.023803768913687903,0,loso_subject_10.npz
10,3458,0,0.009810270415169573,0,loso_subject_10.npz
10,3459,0,0.044152043854107384,0,loso_subject_10.npz
10,3460,0,0.06849748140688731,0,loso_subject_10.npz
10,3462,0,0.004404201523746611,0,loso_subject_10.npz
10,3463,0,0.0075933270907031615,0,loso_subject_10.npz
10,3464,0,0.017253963863176056,0,loso_subject_10.npz
10,3465,0,0.3317112840603613,0,loso_subject_10.npz
10,3466,0,0.4417603517460913,0,loso_subject_10.npz
10,3467,0,0.063073834135531,0,loso_subject_10.npz
10,3468,0,0.026894601657063755,0,loso_subject_10.npz
10,3469,0,0.051208122834337275,0,loso_subject_10.npz
10,3470,1,0.03252786729365535,0,loso_subject_10.npz
10,3471,1,0.08542678275357779,0,loso_subject_10.npz
10,3472,1,0.8958757048737785,1,loso_subject_10.npz
10,3473,1,0.847532450185381,1,loso_subject_10.npz
10,3474,1,0.886399347332398,1,loso_subject_10.npz
10,3475,1,0.9306456635216976,1,loso_subject_10.npz
10,3476,1,0.6239947128080809,1,loso_subject_10.npz
10,3477,1,0.9093945290288983,1,loso_subject_10.npz
10,3478,1,0.6347764681546717,1,loso_subject_10.npz
10,3479,1,0.8856516740642175,1,loso_subject_10.npz
10,3480,1,0.6446776229837401,1,loso_subject_10.npz
10,3481,1,0.5582749326145419,1,loso_subject_10.npz
10,3482,1,0.6250387534069489,1,loso_subject_10.npz
10,3483,1,0.8764230049787677,1,loso_subject_10.npz
10,3484,1,0.8874446366011384,1,loso_subject_10.npz
10,3485,1,0.8656888975199358,1,loso_subject_10.npz
10,3486,1,0.8902685198682133,1,loso_subject_10.npz
10,3487,1,0.9324286345653553,1,loso_subject_10.npz
10,3488,1,0.5432788951904853,1,loso_subject_10.npz
10,3489,1,0.9238057134728179,1,loso_subject_10.npz
10,3490,1,0.8581041805659866,1,loso_subject_10.npz
10,3491,1,0.47112689508126726,0,loso_subject_10.npz
10,3492,1,0.86694653007868,1,loso_subject_10.npz
10,3493,1,0.3548486497097103,0,loso_subject_10.npz
10,3494,1,0.5299663080956414,1,loso_subject_10.npz
10,3495,1,0.3616722151235486,0,loso_subject_10.npz
10,3496,1,0.14048591411391087,0,loso_subject_10.npz
10,3497,1,0.6425333097608964,1,loso_subject_10.npz
10,3498,1,0.3022798019148832,0,loso_subject_10.npz
10,3499,1,0.5057494104457553,1,loso_subject_10.npz
10,3500,1,0.9680140676838858,1,loso_subject_10.npz
10,3501,1,0.7999646684728613,1,loso_subject_10.npz
10,3502,1,0.13612860979650973,0,loso_subject_10.npz
10,3503,1,0.2163618357875098,0,loso_subject_10.npz
10,3504,1,0.9162334269855277,1,loso_subject_10.npz
10,3505,1,0.8720873674920674,1,loso_subject_10.npz
10,3506,1,0.765195130589755,1,loso_subject_10.npz
10,3507,1,0.9140378517385978,1,loso_subject_10.npz
10,3508,1,0.6853716863412943,1,loso_subject_10.npz
10,3509,1,0.8138363101218438,1,loso_subject_10.npz
10,3510,1,0.9601043962873061,1,loso_subject_10.npz
10,3511,1,0.951399905200239,1,loso_subject_10.npz
10,3512,1,0.7885677201089293,1,loso_subject_10.npz
10,3513,1,0.6725730906271582,1,loso_subject_10.npz
10,3514,1,0.8566032777025548,1,loso_subject_10.npz
10,3515,1,0.9739804928224742,1,loso_subject_10.npz
10,3516,1,0.439306917575734,0,loso_subject_10.npz
10,3517,1,0.5426240080058747,1,loso_subject_10.npz
10,3518,1,0.7425802973847458,1,loso_subject_10.npz
10,3519,1,0.827444631177017,1,loso_subject_10.npz
10,3520,1,0.9180231843323439,1,loso_subject_10.npz
10,3521,1,0.9388475384152152,1,loso_subject_10.npz
10,3522,1,0.7934128109060983,1,loso_subject_10.npz
10,3523,1,0.9104493415735448,1,loso_subject_10.npz
10,3524,1,0.8066012383980008,1,loso_subject_10.npz
10,3525,1,0.028538353226610757,0,loso_subject_10.npz
10,3526,1,0.15000803871127366,0,loso_subject_10.npz
10,3527,1,0.06609060502128168,0,loso_subject_10.npz
10,3528,1,0.8962882326773699,1,loso_subject_10.npz
10,3529,1,0.4022040152441888,0,loso_subject_10.npz
10,3530,1,0.8140943127093537,1,loso_subject_10.npz
10,3531,1,0.4620936442846026,0,loso_subject_10.npz
10,3532,1,0.9574143060755972,1,loso_subject_10.npz
10,3533,1,0.45879633478399023,0,loso_subject_10.npz
10,3534,1,0.6655320947072347,1,loso_subject_10.npz
10,3535,1,0.11113351659159522,0,loso_subject_10.npz
10,3536,1,0.6571672022758787,1,loso_subject_10.npz
10,3537,1,0.7399053292699351,1,loso_subject_10.npz
10,3538,1,0.8828641162214135,1,loso_subject_10.npz
10,3539,1,0.7979278165871877,1,loso_subject_10.npz
10,3540,1,0.9571453651313327,1,loso_subject_10.npz
10,3541,1,0.7640066453101946,1,loso_subject_10.npz
10,3542,1,0.8891760948470404,1,loso_subject_10.npz
10,3543,1,0.933636305168048,1,loso_subject_10.npz
10,3544,1,0.6873059809925209,1,loso_subject_10.npz
10,3545,1,0.5765318663533552,1,loso_subject_10.npz
10,3546,1,0.7535361676330495,1,loso_subject_10.npz
10,3547,1,0.8468449284165412,1,loso_subject_10.npz
10,3548,1,0.5946946227725912,1,loso_subject_10.npz
10,3549,1,0.05563809723253498,0,loso_subject_10.npz
10,3550,1,0.18962230363647115,0,loso_subject_10.npz
10,3551,1,0.6220782726997973,1,loso_subject_10.npz
10,3552,1,0.3058386276903149,0,loso_subject_10.npz
10,3553,1,0.8735629030630861,1,loso_subject_10.npz
10,3554,1,0.7212686183485639,1,loso_subject_10.npz
10,3555,1,0.1155405269869552,0,loso_subject_10.npz
10,3556,1,0.142454852541297,0,loso_subject_10.npz
10,3557,1,0.43351635609713174,0,loso_subject_10.npz
10,3558,1,0.7455905657731696,1,loso_subject_10.npz
10,3559,1,0.7592255154838227,1,loso_subject_10.npz
10,3560,1,0.671222530434537,1,loso_subject_10.npz
10,3561,1,0.38387758975112785,0,loso_subject_10.npz
10,3563,1,0.7478271113440892,1,loso_subject_10.npz
10,3564,1,0.4525540282130624,0,loso_subject_10.npz
10,3565,1,0.5678355094889308,1,loso_subject_10.npz
10,3566,1,0.8181069597584912,1,loso_subject_10.npz
10,3567,1,0.47696339738906673,0,loso_subject_10.npz
10,3568,1,0.19376496736699342,0,loso_subject_10.npz
10,3569,1,0.3668298825801942,0,loso_subject_10.npz
10,3570,1,0.3427671218912798,0,loso_subject_10.npz
10,3571,1,0.20903068100847022,0,loso_subject_10.npz
10,3572,1,0.9971850613887409,1,loso_subject_10.npz
10,3573,1,0.09484139138465433,0,loso_subject_10.npz
10,3574,1,0.25429340246070703,0,loso_subject_10.npz
10,3575,1,0.6195367831498791,1,loso_subject_10.npz
10,3576,1,0.5631295258008006,1,loso_subject_10.npz
10,3577,1,0.44079365433141565,0,loso_subject_10.npz
10,3578,1,0.06357072291466169,0,loso_subject_10.npz
10,3579,1,0.4468448478663794,0,loso_subject_10.npz
10,3580,1,0.39862090152905216,0,loso_subject_10.npz
10,3581,1,0.4534631237602833,0,loso_subject_10.npz
10,3582,1,0.9731805155713236,1,loso_subject_10.npz
10,3583,1,0.4054182488472507,0,loso_subject_10.npz
10,3584,1,0.4093555355182349,0,loso_subject_10.npz
10,3585,1,0.9115654045760204,1,loso_subject_10.npz
10,3586,1,0.5627741954453062,1,loso_subject_10.npz
10,3587,1,0.35855763345001873,0,loso_subject_10.npz
10,3588,1,0.8455232537888079,1,loso_subject_10.npz
10,3589,1,0.5277068518769102,1,loso_subject_10.npz
10,3590,1,0.919309305966465,1,loso_subject_10.npz
10,3591,1,0.8987096954622716,1,loso_subject_10.npz
10,3592,1,0.6715006779057963,1,loso_subject_10.npz
10,3593,1,0.8141237011602215,1,loso_subject_10.npz
10,3594,1,0.9963785031137511,1,loso_subject_10.npz
10,3595,1,0.47229750363101336,0,loso_subject_10.npz
10,3596,1,0.8737714313755502,1,loso_subject_10.npz
10,3597,1,0.9888478817144684,1,loso_subject_10.npz
10,3598,1,0.8909980572505412,1,loso_subject_10.npz
10,3599,1,0.35937156309519547,0,loso_subject_10.npz
10,3600,1,0.8119760177440927,1,loso_subject_10.npz
10,3601,1,0.5077227795903363,1,loso_subject_10.npz
10,3602,1,0.9243791857081881,1,loso_subject_10.npz
10,3603,1,0.9378710681993834,1,loso_subject_10.npz
10,3604,1,0.4206376735577412,0,loso_subject_10.npz
10,3605,1,0.8886670417993369,1,loso_subject_10.npz
10,3606,1,0.7119835610473878,1,loso_subject_10.npz
10,3607,1,0.9927816311348397,1,loso_subject_10.npz
10,3608,1,0.9688312469800503,1,loso_subject_10.npz
10,3609,1,0.8720321690255646,1,loso_subject_10.npz
10,3610,1,0.9336608881518902,1,loso_subject_10.npz
10,3611,1,0.9863438355407937,1,loso_subject_10.npz
10,3612,1,0.9285815565132544,1,loso_subject_10.npz
10,3614,1,0.9402734551662492,1,loso_subject_10.npz
10,3615,1,0.940265267453564,1,loso_subject_10.npz
10,3616,1,0.46995486174698536,0,loso_subject_10.npz
10,3617,1,0.9926216755451817,1,loso_subject_10.npz
10,3618,1,0.9001391842881928,1,loso_subject_10.npz
10,3619,1,0.5936598286241894,1,loso_subject_10.npz
10,3621,1,0.8392836775006374,1,loso_subject_10.npz
10,3622,1,0.9325638334777472,1,loso_subject_10.npz
10,3623,1,0.9747635215269724,1,loso_subject_10.npz
10,3624,1,0.8523892114286414,1,loso_subject_10.npz
10,3625,1,0.8090485557813835,1,loso_subject_10.npz
10,3626,1,0.936583092652958,1,loso_subject_10.npz
10,3627,1,0.9841907166961211,1,loso_subject_10.npz
10,3628,1,0.6823646974282167,1,loso_subject_10.npz
10,3629,1,0.7354757924477306,1,loso_subject_10.npz
10,3630,1,0.8884912165725504,1,loso_subject_10.npz
10,3631,1,0.9192067509850042,1,loso_subject_10.npz
10,3632,1,0.7306719198251255,1,loso_subject_10.npz
10,3634,1,0.9781279789746823,1,loso_subject_10.npz
10,3635,1,0.9864767572660731,1,loso_subject_10.npz
10,3636,1,0.9607779276309393,1,loso_subject_10.npz
10,3637,1,0.9735275723938694,1,loso_subject_10.npz
10,3638,1,0.9467138654197877,1,loso_subject_10.npz
10,3639,1,0.9437319969212629,1,loso_subject_10.npz
10,3640,1,0.614444107047015,1,loso_subject_10.npz
10,3641,1,0.9643802063205676,1,loso_subject_10.npz
10,3642,1,0.9203302351880379,1,loso_subject_10.npz
10,3643,1,0.9581181226512099,1,loso_subject_10.npz
10,3644,1,0.9879244354851706,1,loso_subject_10.npz
10,3645,1,0.9396206380194008,1,loso_subject_10.npz
10,3646,1,0.9469864922649102,1,loso_subject_10.npz
10,3647,1,0.9968642992520708,1,loso_subject_10.npz
10,3648,1,0.9317521787981169,1,loso_subject_10.npz
10,3649,1,0.8447481356950839,1,loso_subject_10.npz
10,3650,1,0.9727581991758301,1,loso_subject_10.npz
10,3651,1,0.9466529294061127,1,loso_subject_10.npz
10,3652,1,0.9120203866261263,1,loso_subject_10.npz
10,3653,1,0.5913225684827839,1,loso_subject_10.npz
10,3654,1,0.7059070173656554,1,loso_subject_10.npz
10,3655,1,0.9422191718207511,1,loso_subject_10.npz
10,3656,1,0.9065429389170367,1,loso_subject_10.npz
10,3657,1,0.937779321765438,1,loso_subject_10.npz
10,3658,1,0.739282442257901,1,loso_subject_10.npz
10,3659,1,0.8304115273627888,1,loso_subject_10.npz
10,3660,1,0.9532151989191514,1,loso_subject_10.npz
10,3661,1,0.9817413188247515,1,loso_subject_10.npz
10,3662,1,0.9672293852937629,1,loso_subject_10.npz
10,3663,1,0.9935891396335892,1,loso_subject_10.npz
10,3664,1,0.947328925611416,1,loso_subject_10.npz
10,3665,1,0.9994061155651602,1,loso_subject_10.npz
10,3666,1,0.9887939165127115,1,loso_subject_10.npz
10,3667,1,0.9920627803445538,1,loso_subject_10.npz
10,3668,1,0.9363245091152911,1,loso_subject_10.npz
10,3669,1,0.8345293539151225,1,loso_subject_10.npz
10,3670,1,0.955963116042234,1,loso_subject_10.npz
10,3671,1,0.9470983187496458,1,loso_subject_10.npz
10,3672,1,0.9310805254950736,1,loso_subject_10.npz
10,3673,1,0.9733055219390525,1,loso_subject_10.npz
10,3674,1,0.9647647909384053,1,loso_subject_10.npz
10,3675,1,0.304124017591102,0,loso_subject_10.npz
10,3676,1,0.9655743018664142,1,loso_subject_10.npz
10,3677,1,0.9723198180188325,1,loso_subject_10.npz
10,3678,1,0.9454006208570965,1,loso_subject_10.npz
10,3679,1,0.9508918934675665,1,loso_subject_10.npz
10,3680,1,0.9767978166218292,1,loso_subject_10.npz
10,3681,1,0.9583092285698207,1,loso_subject_10.npz
10,3682,1,0.9944395104345769,1,loso_subject_10.npz
10,3683,1,0.9065856601064359,1,loso_subject_10.npz
10,3684,1,0.9940799563354922,1,loso_subject_10.npz
10,3685,1,0.9798535350653517,1,loso_subject_10.npz
10,3686,1,0.8710958827907016,1,loso_subject_10.npz
10,3687,1,0.6659413022774961,1,loso_subject_10.npz
10,3688,1,0.9711460962601742,1,loso_subject_10.npz
10,3689,1,0.9693830844562227,1,loso_subject_10.npz
10,3690,1,0.9878186179351534,1,loso_subject_10.npz
10,3691,1,0.9568899607375957,1,loso_subject_10.npz
10,3692,1,0.9987236483197067,1,loso_subject_10.npz
10,3694,1,0.9839121360724309,1,loso_subject_10.npz
10,3695,1,0.984110978302149,1,loso_subject_10.npz
10,3696,1,0.991417859703586,1,loso_subject_10.npz
10,3697,1,0.9520947532783715,1,loso_subject_10.npz
10,3698,1,0.9542287968735961,1,loso_subject_10.npz
10,3699,1,0.9838810747976023,1,loso_subject_10.npz
10,3700,1,0.988444167267757,1,loso_subject_10.npz
10,3702,1,0.9811443049786978,1,loso_subject_10.npz
10,3703,1,0.9311880924369886,1,loso_subject_10.npz
10,3704,1,0.9911209776866252,1,loso_subject_10.npz
10,3705,1,0.9655758226648681,1,loso_subject_10.npz
10,3706,1,0.7683411441493001,1,loso_subject_10.npz
10,3707,1,0.9241399351903264,1,loso_subject_10.npz
10,3708,1,0.9129080935949827,1,loso_subject_10.npz
10,3709,1,0.9928887974976877,1,loso_subject_10.npz
10,3710,1,0.9908829644937459,1,loso_subject_10.npz
10,3712,1,0.9462952909458067,1,loso_subject_10.npz
10,3713,1,0.9699232800709372,1,loso_subject_10.npz
10,3715,1,0.9581982838235007,1,loso_subject_10.npz
10,3716,1,0.9981183586099255,1,loso_subject_10.npz
10,3717,1,0.9463040761507436,1,loso_subject_10.npz
10,3718,1,0.8576208352389195,1,loso_subject_10.npz
10,3719,1,0.9925620428935642,1,loso_subject_10.npz
10,3720,1,0.8547079052773147,1,loso_subject_10.npz
10,3721,1,0.9187512124215694,1,loso_subject_10.npz
10,3722,1,0.9012492501359487,1,loso_subject_10.npz
10,3723,1,0.9891211880092122,1,loso_subject_10.npz
10,3724,1,0.8604445855285012,1,loso_subject_10.npz
10,3725,1,0.853271634968384,1,loso_subject_10.npz
10,3726,1,0.9384466954143669,1,loso_subject_10.npz
10,3727,1,0.9882484230141557,1,loso_subject_10.npz
10,3728,1,0.9538105938698637,1,loso_subject_10.npz
10,3729,1,0.9954718074307213,1,loso_subject_10.npz
10,3730,1,0.7959430696275628,1,loso_subject_10.npz
10,3731,1,0.988111472295065,1,loso_subject_10.npz
10,3732,1,0.9964726706159778,1,loso_subject_10.npz
10,3733,1,0.9996323471599203,1,loso_subject_10.npz
10,3734,1,0.9525978239790078,1,loso_subject_10.npz
10,3735,1,0.9913392206155093,1,loso_subject_10.npz
10,3736,1,0.9876364353402004,1,loso_subject_10.npz
10,3737,1,0.9884663050381394,1,loso_subject_10.npz
10,3738,1,0.9992446117480565,1,loso_subject_10.npz
10,3739,1,0.8400549376390386,1,loso_subject_10.npz
10,3740,1,0.936833595361362,1,loso_subject_10.npz
10,3742,1,0.9853231620221411,1,loso_subject_10.npz
10,3743,1,0.9922369780027557,1,loso_subject_10.npz
10,3744,1,0.9773437870909567,1,loso_subject_10.npz
10,3745,1,0.98233957016158,1,loso_subject_10.npz
10,3746,1,0.9989285026392354,1,loso_subject_10.npz
10,3747,1,0.9955237752251013,1,loso_subject_10.npz
10,3748,1,0.9060560620134137,1,loso_subject_10.npz
10,3749,1,0.9804119432744551,1,loso_subject_10.npz
10,3750,1,0.9975842147055578,1,loso_subject_10.npz
10,3751,1,0.9572443180105398,1,loso_subject_10.npz
10,3752,1,0.9444673332357499,1,loso_subject_10.npz
10,3753,1,0.7366707021143863,1,loso_subject_10.npz
10,3754,1,0.9880909739814856,1,loso_subject_10.npz
10,3755,1,0.9562178347132658,1,loso_subject_10.npz
10,3756,1,0.9946625330339323,1,loso_subject_10.npz
10,3757,1,0.9963858117468483,1,loso_subject_10.npz
10,3759,1,0.9714277111863338,1,loso_subject_10.npz
10,3760,1,0.995719515188865,1,loso_subject_10.npz
10,3761,1,0.996561304346947,1,loso_subject_10.npz
10,3762,1,0.9219874571269889,1,loso_subject_10.npz
10,3763,1,0.9842029607751479,1,loso_subject_10.npz
10,3764,1,0.9767279775572867,1,loso_subject_10.npz
10,3765,1,0.9672337576825792,1,loso_subject_10.npz
10,3766,1,0.9955273979482714,1,loso_subject_10.npz
10,3767,1,0.9967346830451512,1,loso_subject_10.npz
10,3768,1,0.9485867010850619,1,loso_subject_10.npz
10,3769,1,0.997047579444019,1,loso_subject_10.npz
10,3770,1,0.990598897531409,1,loso_subject_10.npz
10,3771,1,0.9316186952019114,1,loso_subject_10.npz
10,3772,1,0.9613353219728212,1,loso_subject_10.npz
10,3773,1,0.99482792975041,1,loso_subject_10.npz
10,3774,1,0.9990620712711418,1,loso_subject_10.npz
10,3775,1,0.9962309148974914,1,loso_subject_10.npz
10,3776,1,0.9626367567037859,1,loso_subject_10.npz
10,3777,1,0.9794433963355282,1,loso_subject_10.npz
10,3778,1,0.9779421122725857,1,loso_subject_10.npz
10,3780,1,0.9721599593088144,1,loso_subject_10.npz
10,3781,1,0.992944730977212,1,loso_subject_10.npz
10,3782,1,0.9944916649503052,1,loso_subject_10.npz
10,3783,1,0.9717780191902688,1,loso_subject_10.npz
10,3784,1,0.9883719870372066,1,loso_subject_10.npz
10,3785,1,0.9958487884002232,1,loso_subject_10.npz
10,3786,1,0.8990234874476207,1,loso_subject_10.npz
10,3787,1,0.9994140243173555,1,loso_subject_10.npz
10,3788,1,0.9940030179371039,1,loso_subject_10.npz
10,3789,1,0.9951412932755309,1,loso_subject_10.npz
10,3790,1,0.9761832321777119,1,loso_subject_10.npz
10,3791,1,0.9819510908555181,1,loso_subject_10.npz
10,3792,1,0.9636000858561812,1,loso_subject_10.npz
10,3793,1,0.996535046348012,1,loso_subject_10.npz
10,3794,1,0.9595069823854102,1,loso_subject_10.npz
10,3795,1,0.9626182696171889,1,loso_subject_10.npz
10,3796,1,0.9835649954470992,1,loso_subject_10.npz
10,3797,1,0.8777225039661389,1,loso_subject_10.npz
10,3798,1,0.5880470245783452,1,loso_subject_10.npz
10,3799,1,0.8022649387930236,1,loso_subject_10.npz
10,3800,1,0.6641059254546691,1,loso_subject_10.npz
10,3801,1,0.8737909520156105,1,loso_subject_10.npz
10,3802,1,0.6884172777991621,1,loso_subject_10.npz
10,3803,1,0.8595251964815319,1,loso_subject_10.npz
10,3804,1,0.8853144216098741,1,loso_subject_10.npz
10,3805,1,0.9112109982067907,1,loso_subject_10.npz
10,3806,1,0.9799471665758447,1,loso_subject_10.npz
10,3807,1,0.9525744467548846,1,loso_subject_10.npz
10,3808,1,0.30485303496325145,0,loso_subject_10.npz
10,3809,1,0.9204211533071288,1,loso_subject_10.npz
10,3810,1,0.8334358056519826,1,loso_subject_10.npz
10,3811,1,0.8069488256863828,1,loso_subject_10.npz
10,3812,1,0.9435287444706195,1,loso_subject_10.npz
10,3813,1,0.9526844269367123,1,loso_subject_10.npz
10,3814,1,0.3363293879781767,0,loso_subject_10.npz
10,3815,1,0.5688236922164202,1,loso_subject_10.npz
10,3816,1,0.7192290380868029,1,loso_subject_10.npz
10,3817,1,0.6756123500956279,1,loso_subject_10.npz
10,3818,1,0.16016141510095774,0,loso_subject_10.npz
10,3819,1,0.838312892695715,1,loso_subject_10.npz
10,3820,1,0.8480461093756825,1,loso_subject_10.npz
10,3821,1,0.9073257048302346,1,loso_subject_10.npz
11,3822,0,0.9838116649698676,1,loso_subject_11.npz
11,3823,0,0.959837869173343,1,loso_subject_11.npz
11,3824,0,0.9424318061217467,1,loso_subject_11.npz
11,3825,0,0.9847373144894275,1,loso_subject_11.npz
11,3826,0,0.9581032669512972,1,loso_subject_11.npz
11,3827,0,0.9747678116570951,1,loso_subject_11.npz
11,3828,0,0.9913942031672711,1,loso_subject_11.npz
11,3829,0,0.5469627813278802,1,loso_subject_11.npz
11,3830,0,0.3661951310388853,0,loso_subject_11.npz
11,3831,0,0.8743884471672831,1,loso_subject_11.npz
11,3833,0,0.981060048773109,1,loso_subject_11.npz
11,3834,0,0.6908751467430577,1,loso_subject_11.npz
11,3835,0,0.5106776804091403,1,loso_subject_11.npz
11,3836,0,0.10650295932992902,0,loso_subject_11.npz
11,3837,0,0.9831533405538639,1,loso_subject_11.npz
11,3838,0,0.3587083324305302,0,loso_subject_11.npz
11,3839,0,0.899476117875549,1,loso_subject_11.npz
11,3840,0,0.42896201033807463,0,loso_subject_11.npz
11,3841,0,0.435409543690413,0,loso_subject_11.npz
11,3842,0,0.078293348453138,0,loso_subject_11.npz
11,3845,0,0.4106784103769663,0,loso_subject_11.npz
11,3846,0,0.043057637445720526,0,loso_subject_11.npz
11,3847,0,0.03359507409715368,0,loso_subject_11.npz
11,3848,0,0.022670682546456513,0,loso_subject_11.npz
11,3849,0,0.029980814540500163,0,loso_subject_11.npz
11,3850,0,0.04339602193124295,0,loso_subject_11.npz
11,3851,0,0.1903114157719629,0,loso_subject_11.npz
11,3852,0,0.747743749079486,1,loso_subject_11.npz
11,3853,0,0.7796439379967873,1,loso_subject_11.npz
11,3854,0,0.0715318804608863,0,loso_subject_11.npz
11,3855,0,0.018688510186639095,0,loso_subject_11.npz
11,3856,0,0.022319572115954506,0,loso_subject_11.npz
11,3857,0,0.07856414958746512,0,loso_subject_11.npz
11,3858,0,0.04320885594026549,0,loso_subject_11.npz
11,3859,0,0.02239226918944657,0,loso_subject_11.npz
11,3860,0,0.07931726735688038,0,loso_subject_11.npz
11,3861,0,0.033377099173047445,0,loso_subject_11.npz
11,3862,0,0.5034397315740085,1,loso_subject_11.npz
11,3863,0,0.14969774540440672,0,loso_subject_11.npz
11,3864,0,0.16342302126949979,0,loso_subject_11.npz
11,3865,0,0.010408806323014493,0,loso_subject_11.npz
11,3866,0,0.17182634101787328,0,loso_subject_11.npz
11,3867,0,0.3437084240271393,0,loso_subject_11.npz
11,3868,0,0.08171060578911123,0,loso_subject_11.npz
11,3869,0,0.2493893183053578,0,loso_subject_11.npz
11,3870,0,0.05088927821164985,0,loso_subject_11.npz
11,3871,0,0.026106303333758605,0,loso_subject_11.npz
11,3872,0,0.016715374069759724,0,loso_subject_11.npz
11,3873,0,0.5995966192523884,1,loso_subject_11.npz
11,3875,0,0.01923471605311343,0,loso_subject_11.npz
11,3876,0,0.23687705847554294,0,loso_subject_11.npz
11,3877,0,0.0067848075479098715,0,loso_subject_11.npz
11,3878,0,0.36952756811392873,0,loso_subject_11.npz
11,3879,0,0.12133845943117513,0,loso_subject_11.npz
11,3880,0,0.060822399854074734,0,loso_subject_11.npz
11,3881,0,0.011720595262415574,0,loso_subject_11.npz
11,3882,0,0.03129082010226765,0,loso_subject_11.npz
11,3883,0,0.6491220288513502,1,loso_subject_11.npz
11,3884,0,0.9801403037497153,1,loso_subject_11.npz
11,3885,0,0.21242977943032648,0,loso_subject_11.npz
11,3886,0,0.35282148254633355,0,loso_subject_11.npz
11,3887,0,0.6986835537136038,1,loso_subject_11.npz
11,3889,0,0.007804938079035131,0,loso_subject_11.npz
11,3890,0,0.9210792551893573,1,loso_subject_11.npz
11,3891,0,0.19431537872623791,0,loso_subject_11.npz
11,3892,0,0.27243186858132323,0,loso_subject_11.npz
11,3893,0,0.2644047285218698,0,loso_subject_11.npz
11,3894,0,0.11823958690379538,0,loso_subject_11.npz
11,3895,0,0.059054955043066536,0,loso_subject_11.npz
11,3896,0,0.9664456742253887,1,loso_subject_11.npz
11,3897,0,0.04012289186089382,0,loso_subject_11.npz
11,3898,0,0.9351862822133645,1,loso_subject_11.npz
11,3899,0,0.5468914250788859,1,loso_subject_11.npz
11,3900,0,0.7499754436322403,1,loso_subject_11.npz
11,3901,0,0.04916768423332456,0,loso_subject_11.npz
11,3902,0,0.09732915988269952,0,loso_subject_11.npz
11,3903,0,0.013453950898131695,0,loso_subject_11.npz
11,3904,0,0.8890687101926906,1,loso_subject_11.npz
11,3905,0,0.4453731457864706,0,loso_subject_11.npz
11,3906,0,0.4128053565635972,0,loso_subject_11.npz
11,3907,0,0.2511153591144379,0,loso_subject_11.npz
11,3909,0,0.9948936087203416,1,loso_subject_11.npz
11,3910,0,0.25440068185475,0,loso_subject_11.npz
11,3911,0,0.0488749469251465,0,loso_subject_11.npz
11,3912,0,0.6697701154831298,1,loso_subject_11.npz
11,3914,0,0.07843861024730946,0,loso_subject_11.npz
11,3915,0,0.179769970053133,0,loso_subject_11.npz
11,3916,0,0.041445168188524714,0,loso_subject_11.npz
11,3917,0,0.21918781274607876,0,loso_subject_11.npz
11,3918,0,0.03757617215966576,0,loso_subject_11.npz
11,3919,0,0.9650347113024317,1,loso_subject_11.npz
11,3920,0,0.0376074494954681,0,loso_subject_11.npz
11,3921,0,0.33432593932290555,0,loso_subject_11.npz
11,3922,0,0.9262026487481677,1,loso_subject_11.npz
11,3923,0,0.06779073310883355,0,loso_subject_11.npz
11,3924,0,0.11380545847412057,0,loso_subject_11.npz
11,3925,0,0.9868842913274095,1,loso_subject_11.npz
11,3926,0,0.1954606629078843,0,loso_subject_11.npz
11,3927,0,0.1951200857066798,0,loso_subject_11.npz
11,3928,0,0.12777771291790904,0,loso_subject_11.npz
11,3929,0,0.05287528099768609,0,loso_subject_11.npz
11,3930,0,0.7183757860456232,1,loso_subject_11.npz
11,3931,0,0.3824963647083534,0,loso_subject_11.npz
11,3932,0,0.5317636625753476,1,loso_subject_11.npz
11,3933,0,0.02418423946763672,0,loso_subject_11.npz
11,3934,0,0.3582369035638054,0,loso_subject_11.npz
11,3935,0,0.17101217486293366,0,loso_subject_11.npz
11,3936,0,0.14165300740581954,0,loso_subject_11.npz
11,3937,0,0.9879678305307127,1,loso_subject_11.npz
11,3938,0,0.24142809039774532,0,loso_subject_11.npz
11,3940,0,0.9963636443953401,1,loso_subject_11.npz
11,3941,0,0.4667891690322308,0,loso_subject_11.npz
11,3942,0,0.9929116994148522,1,loso_subject_11.npz
11,3943,0,0.8088414961834983,1,loso_subject_11.npz
11,3944,0,0.09777881696229022,0,loso_subject_11.npz
11,3945,0,0.04228924376971001,0,loso_subject_11.npz
11,3946,0,0.057224727716747546,0,loso_subject_11.npz
11,3947,0,0.9966260457685502,1,loso_subject_11.npz
11,3948,0,0.9795253754364678,1,loso_subject_11.npz
11,3949,0,0.14452076749108383,0,loso_subject_11.npz
11,3950,0,0.04770824214813192,0,loso_subject_11.npz
11,3951,0,0.3357087321681552,0,loso_subject_11.npz
11,3952,0,0.05980857753344017,0,loso_subject_11.npz
11,3953,0,0.24783999707876542,0,loso_subject_11.npz
11,3954,0,0.035566505661894926,0,loso_subject_11.npz
11,3955,0,0.5593055286565659,1,loso_subject_11.npz
11,3956,0,0.15639853229106782,0,loso_subject_11.npz
11,3957,0,0.004840933880962375,0,loso_subject_11.npz
11,3958,0,0.2652288260302082,0,loso_subject_11.npz
11,3959,0,0.9963892108731965,1,loso_subject_11.npz
11,3960,0,0.39244084995713235,0,loso_subject_11.npz
11,3961,0,0.042688774752130176,0,loso_subject_11.npz
11,3962,0,0.7150590153035585,1,loso_subject_11.npz
11,3963,0,0.5847096772659743,1,loso_subject_11.npz
11,3964,0,0.01160903222194301,0,loso_subject_11.npz
11,3965,0,0.7962156912216022,1,loso_subject_11.npz
11,3966,0,0.1279150589775993,0,loso_subject_11.npz
11,3967,0,0.10894036894436655,0,loso_subject_11.npz
11,3968,0,0.9117841628799712,1,loso_subject_11.npz
11,3969,0,0.37292786674198325,0,loso_subject_11.npz
11,3970,0,0.26064035801124746,0,loso_subject_11.npz
11,3971,0,0.06814536318228948,0,loso_subject_11.npz
11,3972,0,0.6726874302898956,1,loso_subject_11.npz
11,3973,0,0.9691868216971544,1,loso_subject_11.npz
11,3974,0,0.2638216736573697,0,loso_subject_11.npz
11,3975,0,0.04037760992802762,0,loso_subject_11.npz
11,3976,0,0.08094472324417686,0,loso_subject_11.npz
11,3978,0,0.03916525014412123,0,loso_subject_11.npz
11,3979,0,0.01854435232515656,0,loso_subject_11.npz
11,3980,0,0.8391201487565487,1,loso_subject_11.npz
11,3981,0,0.7409067035140882,1,loso_subject_11.npz
11,3982,0,0.581994235332593,1,loso_subject_11.npz
11,3983,0,0.22816947946473076,0,loso_subject_11.npz
11,3984,0,0.9623819854388672,1,loso_subject_11.npz
11,3985,0,0.741530776832141,1,loso_subject_11.npz
11,3986,0,0.0035168160054878444,0,loso_subject_11.npz
11,3987,0,0.0838006366077265,0,loso_subject_11.npz
11,3988,0,0.4490011967478308,0,loso_subject_11.npz
11,3989,0,0.8271530844135535,1,loso_subject_11.npz
11,3990,0,0.4678576808093231,0,loso_subject_11.npz
11,3991,0,0.21233246393799424,0,loso_subject_11.npz
11,3992,0,0.14400174135798022,0,loso_subject_11.npz
11,3993,0,0.016113634511665913,0,loso_subject_11.npz
11,3994,0,0.27798927271344614,0,loso_subject_11.npz
11,3995,0,0.9862484797105274,1,loso_subject_11.npz
11,3996,0,0.11784239878891273,0,loso_subject_11.npz
11,3997,0,0.008663708710216054,0,loso_subject_11.npz
11,3998,0,0.02379726228634767,0,loso_subject_11.npz
11,3999,0,0.05847892354555865,0,loso_subject_11.npz
11,4000,0,0.09683685055229005,0,loso_subject_11.npz
11,4001,0,0.25982744797514534,0,loso_subject_11.npz
11,4002,0,0.7079192274913022,1,loso_subject_11.npz
11,4003,0,0.7048368918655948,1,loso_subject_11.npz
11,4004,0,0.9972420358049128,1,loso_subject_11.npz
11,4005,0,0.12118855746139932,0,loso_subject_11.npz
11,4006,0,0.00293135847748178,0,loso_subject_11.npz
11,4007,0,0.6141518498766035,1,loso_subject_11.npz
11,4008,0,0.15862258313529884,0,loso_subject_11.npz
11,4009,0,0.20565117034657057,0,loso_subject_11.npz
11,4010,0,0.10297766965577539,0,loso_subject_11.npz
11,4011,0,0.11458616244042756,0,loso_subject_11.npz
11,4012,0,0.17287046969684486,0,loso_subject_11.npz
11,4013,0,0.10349480538920225,0,loso_subject_11.npz
11,4014,0,0.43413244097938075,0,loso_subject_11.npz
11,4015,0,0.011195466020093681,0,loso_subject_11.npz
11,4016,0,0.9634849262076938,1,loso_subject_11.npz
11,4017,0,0.18385558585449538,0,loso_subject_11.npz
11,4018,0,0.2064572952870136,0,loso_subject_11.npz
11,4019,0,0.1611877390826114,0,loso_subject_11.npz
11,4020,0,0.021095155674839328,0,loso_subject_11.npz
11,4021,0,0.8107421060471596,1,loso_subject_11.npz
11,4022,0,0.06516479134284626,0,loso_subject_11.npz
11,4023,0,0.003835253002834253,0,loso_subject_11.npz
11,4024,0,0.5582929912574147,1,loso_subject_11.npz
11,4025,0,0.09059213934859632,0,loso_subject_11.npz
11,4026,0,0.16991399221719414,0,loso_subject_11.npz
11,4027,0,0.8898008462219893,1,loso_subject_11.npz
11,4028,0,0.9941679939130988,1,loso_subject_11.npz
11,4029,0,0.10347061912136708,0,loso_subject_11.npz
11,4030,0,0.03472416997876819,0,loso_subject_11.npz
11,4031,0,0.1698953349660356,0,loso_subject_11.npz
11,4032,1,0.9917119236470873,1,loso_subject_11.npz
11,4033,1,0.9988221802821192,1,loso_subject_11.npz
11,4034,1,0.9921281943103715,1,loso_subject_11.npz
11,4035,1,0.9957817867221258,1,loso_subject_11.npz
11,4036,1,0.9952370425052108,1,loso_subject_11.npz
11,4037,1,0.9885675481077378,1,loso_subject_11.npz
11,4038,1,0.05005589018457951,0,loso_subject_11.npz
11,4039,1,0.016044144333254334,0,loso_subject_11.npz
11,4040,1,0.9972399124949691,1,loso_subject_11.npz
11,4041,1,0.9914433550020524,1,loso_subject_11.npz
11,4042,1,0.993295327237019,1,loso_subject_11.npz
11,4043,1,0.9936595974897099,1,loso_subject_11.npz
11,4044,1,0.9996224604798675,1,loso_subject_11.npz
11,4045,1,0.9994783595750043,1,loso_subject_11.npz
11,4046,1,0.9910988467345301,1,loso_subject_11.npz
11,4047,1,0.9988613922515902,1,loso_subject_11.npz
11,4048,1,0.9976734235205041,1,loso_subject_11.npz
11,4050,1,0.9975110118768262,1,loso_subject_11.npz
11,4051,1,0.997635790246346,1,loso_subject_11.npz
11,4052,1,0.9948492271673425,1,loso_subject_11.npz
11,4053,1,0.9556161124317193,1,loso_subject_11.npz
11,4054,1,0.25276621775172464,0,loso_subject_11.npz
11,4055,1,0.45139450963825517,0,loso_subject_11.npz
11,4056,1,0.9877189065178117,1,loso_subject_11.npz
11,4057,1,0.9936499634526735,1,loso_subject_11.npz
11,4058,1,0.9972161029842015,1,loso_subject_11.npz
11,4059,1,0.6477182802464382,1,loso_subject_11.npz
11,4060,1,0.2650740335856641,0,loso_subject_11.npz
11,4061,1,0.32574988109223124,0,loso_subject_11.npz
11,4062,1,0.9005497496533924,1,loso_subject_11.npz
11,4063,1,0.8404343276414066,1,loso_subject_11.npz
11,4064,1,0.9990716056618586,1,loso_subject_11.npz
11,4065,1,0.9934945768191144,1,loso_subject_11.npz
11,4066,1,0.6556650501259967,1,loso_subject_11.npz
11,4067,1,0.9966189520922112,1,loso_subject_11.npz
11,4068,1,0.24013124381919732,0,loso_subject_11.npz
11,4069,1,0.8732869909362266,1,loso_subject_11.npz
11,4070,1,0.8128032095279337,1,loso_subject_11.npz
11,4071,1,0.2876809864650787,0,loso_subject_11.npz
11,4072,1,0.05185035453025421,0,loso_subject_11.npz
11,4073,1,0.39615154494978916,0,loso_subject_11.npz
11,4074,1,0.40207239533461364,0,loso_subject_11.npz
11,4075,1,0.9986199556843582,1,loso_subject_11.npz
11,4076,1,0.9938441081890445,1,loso_subject_11.npz
11,4077,1,0.27313321297168813,0,loso_subject_11.npz
11,4078,1,0.9669374678045671,1,loso_subject_11.npz
11,4079,1,0.7125373127242188,1,loso_subject_11.npz
11,4080,1,0.9228063612432786,1,loso_subject_11.npz
11,4081,1,0.9824453956643102,1,loso_subject_11.npz
11,4082,1,0.5300593670919386,1,loso_subject_11.npz
11,4084,1,0.7584964214832989,1,loso_subject_11.npz
11,4085,1,0.4962691295692912,0,loso_subject_11.npz
11,4086,1,0.9888115124442732,1,loso_subject_11.npz
11,4087,1,0.5710621725104906,1,loso_subject_11.npz
11,4088,1,0.09479336601503285,0,loso_subject_11.npz
11,4089,1,0.3344484630948063,0,loso_subject_11.npz
11,4091,1,0.872516306511539,1,loso_subject_11.npz
11,4092,1,0.7451394033786871,1,loso_subject_11.npz
11,4093,1,0.9799031277241488,1,loso_subject_11.npz
11,4094,1,0.9759924944142562,1,loso_subject_11.npz
11,4095,1,0.8923497226530106,1,loso_subject_11.npz
11,4096,1,0.9640584867591676,1,loso_subject_11.npz
11,4097,1,0.9880240021543081,1,loso_subject_11.npz
11,4098,1,0.9985596386139787,1,loso_subject_11.npz
11,4099,1,0.9746272284934605,1,loso_subject_11.npz
11,4100,1,0.7250935946707213,1,loso_subject_11.npz
11,4101,1,0.4575573840911496,0,loso_subject_11.npz
11,4102,1,0.26138583404452004,0,loso_subject_11.npz
11,4103,1,0.9409071064256592,1,loso_subject_11.npz
11,4104,1,0.571467822056965,1,loso_subject_11.npz
11,4105,1,0.3029676273831848,0,loso_subject_11.npz
11,4106,1,0.9750597185690473,1,loso_subject_11.npz
11,4107,1,0.9988107102899735,1,loso_subject_11.npz
11,4108,1,0.6233915955622582,1,loso_subject_11.npz
11,4109,1,0.9306386681961262,1,loso_subject_11.npz
11,4110,1,0.40739214330996854,0,loso_subject_11.npz
11,4111,1,0.9410434651063679,1,loso_subject_11.npz
11,4112,1,0.8361688896710338,1,loso_subject_11.npz
11,4113,1,0.7097634487667991,1,loso_subject_11.npz
11,4114,1,0.8055025132740564,1,loso_subject_11.npz
11,4115,1,0.7541238639814367,1,loso_subject_11.npz
11,4116,1,0.9025426637624185,1,loso_subject_11.npz
11,4118,1,0.955194361491118,1,loso_subject_11.npz
11,4119,1,0.7358457132926355,1,loso_subject_11.npz
11,4120,1,0.9895095728555939,1,loso_subject_11.npz
11,4121,1,0.9982319090887379,1,loso_subject_11.npz
11,4122,1,0.9105466364444369,1,loso_subject_11.npz
11,4124,1,0.8973885589998053,1,loso_subject_11.npz
11,4125,1,0.9384281379017114,1,loso_subject_11.npz
11,4126,1,0.884049178053928,1,loso_subject_11.npz
11,4127,1,0.8769251304643643,1,loso_subject_11.npz
11,4128,1,0.9614876432888737,1,loso_subject_11.npz
11,4130,1,0.6950964115039692,1,loso_subject_11.npz
11,4131,1,0.37085886058627876,0,loso_subject_11.npz
11,4132,1,0.9922607103281316,1,loso_subject_11.npz
11,4133,1,0.5736096924565096,1,loso_subject_11.npz
11,4134,1,0.2726425447632283,0,loso_subject_11.npz
11,4135,1,0.9896547996761815,1,loso_subject_11.npz
11,4137,1,0.5783660011108703,1,loso_subject_11.npz
11,4138,1,0.4747776892001795,0,loso_subject_11.npz
11,4139,1,0.4768004922075996,0,loso_subject_11.npz
11,4140,1,0.8038562066092797,1,loso_subject_11.npz
11,4141,1,0.708064418941292,1,loso_subject_11.npz
11,4142,1,0.9585530112737398,1,loso_subject_11.npz
11,4143,1,0.9992301978320722,1,loso_subject_11.npz
11,4144,1,0.9901494699910763,1,loso_subject_11.npz
11,4145,1,0.9961777355242794,1,loso_subject_11.npz
11,4146,1,0.9650611466537561,1,loso_subject_11.npz
11,4147,1,0.32099455367406177,0,loso_subject_11.npz
11,4148,1,0.39055312397392655,0,loso_subject_11.npz
11,4149,1,0.6605761665961393,1,loso_subject_11.npz
11,4150,1,0.8323255116055314,1,loso_subject_11.npz
11,4151,1,0.8148960997771283,1,loso_subject_11.npz
11,4152,1,0.7048228685763648,1,loso_subject_11.npz
11,4153,1,0.7845521438056492,1,loso_subject_11.npz
11,4154,1,0.6793953115363965,1,loso_subject_11.npz
11,4155,1,0.13372419208805442,0,loso_subject_11.npz
11,4157,1,0.6589521895912321,1,loso_subject_11.npz
11,4158,1,0.9494964641932432,1,loso_subject_11.npz
11,4160,1,0.918590879628124,1,loso_subject_11.npz
11,4161,1,0.6246094066135937,1,loso_subject_11.npz
11,4162,1,0.985169901445925,1,loso_subject_11.npz
11,4163,1,0.9675235554662833,1,loso_subject_11.npz
11,4164,1,0.971843558889447,1,loso_subject_11.npz
11,4165,1,0.6055474512024336,1,loso_subject_11.npz
11,4166,1,0.7916276895152077,1,loso_subject_11.npz
11,4167,1,0.8341905932283493,1,loso_subject_11.npz
11,4168,1,0.47515540506017984,0,loso_subject_11.npz
11,4169,1,0.8899774281288979,1,loso_subject_11.npz
11,4170,1,0.9779182921781593,1,loso_subject_11.npz
11,4171,1,0.9713164865687425,1,loso_subject_11.npz
11,4172,1,0.933854456612187,1,loso_subject_11.npz
11,4173,1,0.8574008811690645,1,loso_subject_11.npz
11,4174,1,0.8990441977301393,1,loso_subject_11.npz
11,4175,1,0.9243686382845417,1,loso_subject_11.npz
11,4176,1,0.9328459628024284,1,loso_subject_11.npz
11,4177,1,0.8710158931122056,1,loso_subject_11.npz
11,4178,1,0.9681191428758283,1,loso_subject_11.npz
11,4179,1,0.9735929147834806,1,loso_subject_11.npz
11,4180,1,0.8842206594383997,1,loso_subject_11.npz
11,4181,1,0.7745022044465067,1,loso_subject_11.npz
11,4182,1,0.5796952753261084,1,loso_subject_11.npz
11,4184,1,0.9065908946328926,1,loso_subject_11.npz
11,4185,1,0.9744183761604451,1,loso_subject_11.npz
11,4186,1,0.9938016113722047,1,loso_subject_11.npz
11,4187,1,0.9441109745796165,1,loso_subject_11.npz
11,4188,1,0.8120932822799262,1,loso_subject_11.npz
11,4189,1,0.958101312526761,1,loso_subject_11.npz
11,4190,1,0.8810228059741874,1,loso_subject_11.npz
11,4191,1,0.14354577629989038,0,loso_subject_11.npz
11,4192,1,0.9910807073238217,1,loso_subject_11.npz
11,4193,1,0.9115290992300725,1,loso_subject_11.npz
11,4194,1,0.9970670669794307,1,loso_subject_11.npz
11,4195,1,0.8756199260758275,1,loso_subject_11.npz
11,4196,1,0.6345088737048904,1,loso_subject_11.npz
11,4197,1,0.992743124876726,1,loso_subject_11.npz
11,4198,1,0.6375947271295089,1,loso_subject_11.npz
11,4200,1,0.8886932993756775,1,loso_subject_11.npz
11,4201,1,0.9464062355682972,1,loso_subject_11.npz
11,4202,1,0.9878498507632015,1,loso_subject_11.npz
11,4203,1,0.7907325971727094,1,loso_subject_11.npz
11,4204,1,0.9147134725184766,1,loso_subject_11.npz
11,4205,1,0.46207800968896084,0,loso_subject_11.npz
11,4206,1,0.9901059559203202,1,loso_subject_11.npz
11,4207,1,0.9252822296857478,1,loso_subject_11.npz
11,4208,1,0.9292459045908689,1,loso_subject_11.npz
11,4209,1,0.4239978465672582,0,loso_subject_11.npz
11,4210,1,0.9125649021993464,1,loso_subject_11.npz
11,4211,1,0.9565432452766858,1,loso_subject_11.npz
11,4212,1,0.9375476917529482,1,loso_subject_11.npz
11,4213,1,0.8280287135060341,1,loso_subject_11.npz
11,4214,1,0.9226354362192369,1,loso_subject_11.npz
11,4215,1,0.9133603746264226,1,loso_subject_11.npz
11,4216,1,0.8670357961689705,1,loso_subject_11.npz
11,4217,1,0.9744141241094395,1,loso_subject_11.npz
11,4218,1,0.9924629089847902,1,loso_subject_11.npz
11,4219,1,0.9900490737665111,1,loso_subject_11.npz
11,4220,1,0.04261876750285137,0,loso_subject_11.npz
11,4221,1,0.40114853300804726,0,loso_subject_11.npz
11,4222,1,0.954260060013797,1,loso_subject_11.npz
11,4223,1,0.40570470087625154,0,loso_subject_11.npz
11,4224,1,0.9875928623307807,1,loso_subject_11.npz
11,4225,1,0.9782899527771562,1,loso_subject_11.npz
11,4226,1,0.8188646408982218,1,loso_subject_11.npz
11,4227,1,0.9213286614280501,1,loso_subject_11.npz
11,4228,1,0.9852443761066839,1,loso_subject_11.npz
11,4229,1,0.9923383165236052,1,loso_subject_11.npz
11,4230,1,0.882515144136663,1,loso_subject_11.npz
11,4231,1,0.908608758666816,1,loso_subject_11.npz
11,4232,1,0.935233557331889,1,loso_subject_11.npz
11,4233,1,0.9954571573787534,1,loso_subject_11.npz
11,4234,1,0.9929657294416575,1,loso_subject_11.npz
11,4235,1,0.9970089968501986,1,loso_subject_11.npz
11,4236,1,0.9288825528018856,1,loso_subject_11.npz
11,4237,1,0.6959583449644907,1,loso_subject_11.npz
11,4238,1,0.8369798767041732,1,loso_subject_11.npz
11,4239,1,0.6840581145800965,1,loso_subject_11.npz
11,4240,1,0.7970863185055896,1,loso_subject_11.npz
11,4241,1,0.7411201374548669,1,loso_subject_11.npz
12,4244,0,0.3167110553171147,0,loso_subject_12.npz
12,4245,0,0.01907936405995981,0,loso_subject_12.npz
12,4246,0,0.011083678910186703,0,loso_subject_12.npz
12,4247,0,0.001546414595135267,0,loso_subject_12.npz
12,4248,0,0.20640624704006086,0,loso_subject_12.npz
12,4249,0,0.018646004797483046,0,loso_subject_12.npz
12,4250,0,0.0006727817483234149,0,loso_subject_12.npz
12,4251,0,0.19695206242085678,0,loso_subject_12.npz
12,4252,0,0.03430045508512653,0,loso_subject_12.npz
12,4253,0,0.6623273014432179,1,loso_subject_12.npz
12,4254,0,0.44363310275860934,0,loso_subject_12.npz
12,4255,0,0.004197600619061756,0,loso_subject_12.npz
12,4256,0,0.022972235036847203,0,loso_subject_12.npz
12,4257,0,0.05197909681734211,0,loso_subject_12.npz
12,4258,0,0.01758073012700629,0,loso_subject_12.npz
12,4259,0,0.010046718252015587,0,loso_subject_12.npz
12,4260,0,0.039579378317604386,0,loso_subject_12.npz
12,4261,0,0.57230225583703,1,loso_subject_12.npz
12,4262,0,0.010686823663412127,0,loso_subject_12.npz
12,4263,0,0.9447581436390663,1,loso_subject_12.npz
12,4264,0,0.500429776060877,1,loso_subject_12.npz
12,4265,0,0.00546600226423161,0,loso_subject_12.npz
12,4266,0,0.0735642259035476,0,loso_subject_12.npz
12,4268,0,0.046893347463668,0,loso_subject_12.npz
12,4269,0,0.8217228340090433,1,loso_subject_12.npz
12,4270,0,0.013036723424656798,0,loso_subject_12.npz
12,4271,0,0.018928079848738,0,loso_subject_12.npz
12,4272,0,0.27023930289167675,0,loso_subject_12.npz
12,4273,0,0.018011501103369895,0,loso_subject_12.npz
12,4274,0,0.03420945428778173,0,loso_subject_12.npz
12,4275,0,0.04768283820137864,0,loso_subject_12.npz
12,4276,0,0.005038822399589637,0,loso_subject_12.npz
12,4277,0,0.02809842817390825,0,loso_subject_12.npz
12,4278,0,0.7603620703399986,1,loso_subject_12.npz
12,4279,0,0.014000422287284733,0,loso_subject_12.npz
12,4280,0,0.907590586868955,1,loso_subject_12.npz
12,4281,0,0.30563307119943806,0,loso_subject_12.npz
12,4282,0,0.005339649496699278,0,loso_subject_12.npz
12,4284,0,0.29087720142494966,0,loso_subject_12.npz
12,4287,0,0.038499299679851495,0,loso_subject_12.npz
12,4288,0,0.16467596382878233,0,loso_subject_12.npz
12,4289,0,0.548107926799268,1,loso_subject_12.npz
12,4290,0,0.022719124320156606,0,loso_subject_12.npz
12,4291,0,0.03419226444260635,0,loso_subject_12.npz
12,4293,0,0.2687507634260048,0,loso_subject_12.npz
12,4294,0,0.024734652564106663,0,loso_subject_12.npz
12,4295,0,0.8712435387616695,1,loso_subject_12.npz
12,4296,0,0.7730037175832625,1,loso_subject_12.npz
12,4297,0,0.02466135022421887,0,loso_subject_12.npz
12,4298,0,0.05592741962649555,0,loso_subject_12.npz
12,4299,0,0.047898593016330475,0,loso_subject_12.npz
12,4300,0,0.3848053019945067,0,loso_subject_12.npz
12,4301,0,0.5346065039678423,1,loso_subject_12.npz
12,4302,0,0.022804709140133602,0,loso_subject_12.npz
12,4303,0,0.07335212151692873,0,loso_subject_12.npz
12,4304,0,0.12892549864834196,0,loso_subject_12.npz
12,4305,0,0.00460360128717199,0,loso_subject_12.npz
12,4306,0,0.04089776729231238,0,loso_subject_12.npz
12,4307,0,0.0065570754935143265,0,loso_subject_12.npz
12,4308,0,0.07047483182792137,0,loso_subject_12.npz
12,4309,0,0.12480483452608286,0,loso_subject_12.npz
12,4310,0,0.34966253989010226,0,loso_subject_12.npz
12,4311,0,0.03888737591778205,0,loso_subject_12.npz
12,4312,0,0.02516811354887261,0,loso_subject_12.npz
12,4313,0,0.0452154442778436,0,loso_subject_12.npz
12,4314,0,0.3260470165184939,0,loso_subject_12.npz
12,4315,0,0.18063504288683965,0,loso_subject_12.npz
12,4316,0,0.23407515513610383,0,loso_subject_12.npz
12,4317,0,0.043820604334410033,0,loso_subject_12.npz
12,4318,0,0.08682499802056087,0,loso_subject_12.npz
12,4319,0,0.006144492905200937,0,loso_subject_12.npz
12,4320,0,0.0472491085008609,0,loso_subject_12.npz
12,4321,0,0.0005723193062348712,0,loso_subject_12.npz
12,4322,0,0.011051344707788487,0,loso_subject_12.npz
12,4324,0,0.7239571350692898,1,loso_subject_12.npz
12,4325,0,0.010567117133174164,0,loso_subject_12.npz
12,4326,0,0.050456687335645296,0,loso_subject_12.npz
12,4327,0,0.7622758189315023,1,loso_subject_12.npz
12,4328,0,0.4862738295989049,0,loso_subject_12.npz
12,4330,0,0.020154701140345975,0,loso_subject_12.npz
12,4331,0,0.04256037352687724,0,loso_subject_12.npz
12,4332,0,0.03436091731537997,0,loso_subject_12.npz
12,4333,0,0.908370729144435,1,loso_subject_12.npz
12,4334,0,0.06779915255389363,0,loso_subject_12.npz
12,4335,0,0.009950415808951,0,loso_subject_12.npz
12,4336,0,0.1377100284198109,0,loso_subject_12.npz
12,4337,0,0.119696322592475,0,loso_subject_12.npz
12,4338,0,0.033122529492226736,0,loso_subject_12.npz
12,4340,0,0.24115970911052262,0,loso_subject_12.npz
12,4341,0,0.48626890422250457,0,loso_subject_12.npz
12,4342,0,0.02450128348669256,0,loso_subject_12.npz
12,4343,0,0.056205794206136,0,loso_subject_12.npz
12,4344,0,0.002200183668459564,0,loso_subject_12.npz
12,4345,0,0.1720409111899844,0,loso_subject_12.npz
12,4346,0,0.11278636577890162,0,loso_subject_12.npz
12,4347,0,0.006009636437003552,0,loso_subject_12.npz
12,4348,0,0.017078201393405077,0,loso_subject_12.npz
12,4349,0,0.04983985124352931,0,loso_subject_12.npz
12,4350,0,0.18522225001180864,0,loso_subject_12.npz
12,4351,0,0.037863563389930924,0,loso_subject_12.npz
12,4352,0,0.19069111664326754,0,loso_subject_12.npz
12,4353,0,0.5973406757038098,1,loso_subject_12.npz
12,4354,0,0.007222129831640258,0,loso_subject_12.npz
12,4356,0,0.07330945696739932,0,loso_subject_12.npz
12,4357,0,0.014970124984545448,0,loso_subject_12.npz
12,4358,0,0.5373387157780456,1,loso_subject_12.npz
12,4359,0,0.40628794450161826,0,loso_subject_12.npz
12,4360,0,0.5487189159201246,1,loso_subject_12.npz
12,4361,0,0.566597194019154,1,loso_subject_12.npz
12,4362,0,0.2691249308150813,0,loso_subject_12.npz
12,4363,0,0.026125569341107047,0,loso_subject_12.npz
12,4364,0,0.5232555325002965,1,loso_subject_12.npz
12,4365,0,0.18411736630669895,0,loso_subject_12.npz
12,4366,0,0.5701461222569781,1,loso_subject_12.npz
12,4367,0,0.22472230773790675,0,loso_subject_12.npz
12,4368,0,0.4097220164007457,0,loso_subject_12.npz
12,4369,0,0.05174848537671312,0,loso_subject_12.npz
12,4370,0,0.492850866007627,0,loso_subject_12.npz
12,4371,0,0.1421872460906226,0,loso_subject_12.npz
12,4373,0,0.41920757922329427,0,loso_subject_12.npz
12,4374,0,0.01028325406285736,0,loso_subject_12.npz
12,4375,0,0.08736303254820874,0,loso_subject_12.npz
12,4376,0,0.04150357776965273,0,loso_subject_12.npz
12,4377,0,0.13809371399230028,0,loso_subject_12.npz
12,4378,0,0.022245993915220207,0,loso_subject_12.npz
12,4379,0,0.11468997361901863,0,loso_subject_12.npz
12,4380,0,0.1375821372386551,0,loso_subject_12.npz
12,4381,0,0.9997692311332483,1,loso_subject_12.npz
12,4382,0,0.20290726325190447,0,loso_subject_12.npz
12,4383,0,0.018711991427512512,0,loso_subject_12.npz
12,4384,0,0.24964312920315204,0,loso_subject_12.npz
12,4385,0,0.02729505605374593,0,loso_subject_12.npz
12,4386,0,0.021834164108823835,0,loso_subject_12.npz
12,4389,0,0.7224119454144394,1,loso_subject_12.npz
12,4390,0,0.8293105247594212,1,loso_subject_12.npz
12,4391,0,0.07740203870554152,0,loso_subject_12.npz
12,4392,0,0.00826097769043147,0,loso_subject_12.npz
12,4393,0,0.12664073813499854,0,loso_subject_12.npz
12,4394,0,0.5889401410032143,1,loso_subject_12.npz
12,4395,0,0.14196402976674802,0,loso_subject_12.npz
12,4396,0,0.927869840040383,1,loso_subject_12.npz
12,4397,0,0.3228147285275307,0,loso_subject_12.npz
12,4398,0,0.5149033317236352,1,loso_subject_12.npz
12,4399,0,0.21174513373377013,0,loso_subject_12.npz
12,4400,0,0.9444189134890567,1,loso_subject_12.npz
12,4401,0,0.008776392955845211,0,loso_subject_12.npz
12,4402,0,0.007998141277905959,0,loso_subject_12.npz
12,4403,0,0.08756229454116675,0,loso_subject_12.npz
12,4404,1,0.9581414441568451,1,loso_subject_12.npz
12,4405,1,0.9982325622620143,1,loso_subject_12.npz
12,4406,1,0.026747539097035113,0,loso_subject_12.npz
12,4407,1,0.867588177696365,1,loso_subject_12.npz
12,4408,1,0.9799408989727624,1,loso_subject_12.npz
12,4409,1,0.9623820935836258,1,loso_subject_12.npz
12,4410,1,0.9758316066739934,1,loso_subject_12.npz
12,4411,1,0.9679170929701975,1,loso_subject_12.npz
12,4412,1,0.971762890868704,1,loso_subject_12.npz
12,4413,1,0.9924493369935232,1,loso_subject_12.npz
12,4414,1,0.46268204989099626,0,loso_subject_12.npz
12,4415,1,0.9958421387565644,1,loso_subject_12.npz
12,4416,1,0.8144383906692879,1,loso_subject_12.npz
12,4417,1,0.9713884806415956,1,loso_subject_12.npz
12,4418,1,0.9872648043794967,1,loso_subject_12.npz
12,4419,1,0.9861100589750037,1,loso_subject_12.npz
12,4420,1,0.9990370005541557,1,loso_subject_12.npz
12,4421,1,0.9988844573931216,1,loso_subject_12.npz
12,4422,1,0.9974011425453312,1,loso_subject_12.npz
12,4423,1,0.9839663133666077,1,loso_subject_12.npz
12,4424,1,0.9870300426760367,1,loso_subject_12.npz
12,4425,1,0.9393494042843881,1,loso_subject_12.npz
12,4426,1,0.9920671725083633,1,loso_subject_12.npz
12,4427,1,0.9706227934890942,1,loso_subject_12.npz
12,4428,1,0.9965799075079725,1,loso_subject_12.npz
12,4429,1,0.994323881730468,1,loso_subject_12.npz
12,4430,1,0.9970855576150492,1,loso_subject_12.npz
12,4431,1,0.9978511840518219,1,loso_subject_12.npz
12,4432,1,0.9946714328770945,1,loso_subject_12.npz
12,4433,1,0.9958317301749612,1,loso_subject_12.npz
12,4434,1,0.9925857243549723,1,loso_subject_12.npz
12,4435,1,0.9804744598881322,1,loso_subject_12.npz
12,4436,1,0.395703952709603,0,loso_subject_12.npz
12,4437,1,0.9977140006977749,1,loso_subject_12.npz
12,4438,1,0.9923839382651918,1,loso_subject_12.npz
12,4439,1,0.9954198969720364,1,loso_subject_12.npz
12,4440,1,0.9738071773550366,1,loso_subject_12.npz
12,4441,1,0.9964582471470468,1,loso_subject_12.npz
12,4442,1,0.9847026429242699,1,loso_subject_12.npz
12,4443,1,0.9902893972104987,1,loso_subject_12.npz
12,4444,1,0.9877566578627381,1,loso_subject_12.npz
12,4445,1,0.9961998739382721,1,loso_subject_12.npz
12,4446,1,0.9804851452505325,1,loso_subject_12.npz
12,4447,1,0.9811503304434792,1,loso_subject_12.npz
12,4448,1,0.9977907922124318,1,loso_subject_12.npz
12,4449,1,0.9948861737166448,1,loso_subject_12.npz
12,4450,1,0.413491139964869,0,loso_subject_12.npz
12,4451,1,0.9971475104095476,1,loso_subject_12.npz
12,4452,1,0.8982941534128976,1,loso_subject_12.npz
12,4453,1,0.03241119332061606,0,loso_subject_12.npz
12,4454,1,0.08795880515231815,0,loso_subject_12.npz
12,4457,1,0.9964519305327828,1,loso_subject_12.npz
12,4458,1,0.9424869066518401,1,loso_subject_12.npz
12,4459,1,0.8929913056526063,1,loso_subject_12.npz
12,4460,1,0.9836475866917893,1,loso_subject_12.npz
12,4461,1,0.9932539760415313,1,loso_subject_12.npz
12,4462,1,0.03967080605735227,0,loso_subject_12.npz
12,4463,1,0.4760505571657752,0,loso_subject_12.npz
12,4464,1,0.0016096006413514616,0,loso_subject_12.npz
12,4465,1,0.9651672702754336,1,loso_subject_12.npz
12,4466,1,0.9992837779224416,1,loso_subject_12.npz
12,4467,1,0.9997160308911021,1,loso_subject_12.npz
12,4468,1,0.0025520072928992433,0,loso_subject_12.npz
12,4469,1,0.17761936002879253,0,loso_subject_12.npz
12,4470,1,0.05957509506661599,0,loso_subject_12.npz
12,4471,1,0.8594355859541665,1,loso_subject_12.npz
12,4472,1,0.23411623411070479,0,loso_subject_12.npz
12,4473,1,0.019624064326696534,0,loso_subject_12.npz
12,4474,1,0.15555548363998345,0,loso_subject_12.npz
12,4475,1,0.7399716011408658,1,loso_subject_12.npz
12,4476,1,0.16228691708175114,0,loso_subject_12.npz
12,4477,1,0.9993273543438582,1,loso_subject_12.npz
12,4478,1,0.0015671515689778103,0,loso_subject_12.npz
12,4480,1,0.9997490277449422,1,loso_subject_12.npz
12,4481,1,0.9993119376597499,1,loso_subject_12.npz
12,4482,1,0.9983803969621178,1,loso_subject_12.npz
12,4483,1,0.9996556180927317,1,loso_subject_12.npz
12,4484,1,0.009558298758448302,0,loso_subject_12.npz
12,4485,1,0.9953297328717963,1,loso_subject_12.npz
12,4486,1,0.9996054730495877,1,loso_subject_12.npz
12,4487,1,0.9958750779443389,1,loso_subject_12.npz
12,4488,1,0.9930284168087975,1,loso_subject_12.npz
12,4489,1,0.9701300726018165,1,loso_subject_12.npz
12,4490,1,0.9977698085322283,1,loso_subject_12.npz
12,4491,1,0.991964860176005,1,loso_subject_12.npz
12,4492,1,0.9983570870204329,1,loso_subject_12.npz
12,4494,1,0.999457095356786,1,loso_subject_12.npz
12,4495,1,0.99878775451074,1,loso_subject_12.npz
12,4496,1,0.995071952893309,1,loso_subject_12.npz
12,4497,1,0.9971117756376869,1,loso_subject_12.npz
12,4498,1,0.7211424182922939,1,loso_subject_12.npz
12,4499,1,0.8414977818633789,1,loso_subject_12.npz
12,4501,1,0.9319388720496484,1,loso_subject_12.npz
12,4502,1,0.6421257493734239,1,loso_subject_12.npz
12,4503,1,0.29161042645838375,0,loso_subject_12.npz
12,4504,1,0.9758391016660246,1,loso_subject_12.npz
12,4505,1,0.47058279058257635,0,loso_subject_12.npz
12,4506,1,0.8209519627574892,1,loso_subject_12.npz
12,4507,1,0.8039715061095587,1,loso_subject_12.npz
12,4508,1,0.6213165538880788,1,loso_subject_12.npz
12,4509,1,0.2669246554847178,0,loso_subject_12.npz
12,4510,1,0.7387215506442428,1,loso_subject_12.npz
12,4511,1,0.9971728550477179,1,loso_subject_12.npz
12,4512,1,0.27702696556437645,0,loso_subject_12.npz
12,4513,1,0.9626845799411619,1,loso_subject_12.npz
12,4514,1,0.893296014646625,1,loso_subject_12.npz
12,4515,1,0.8314118268779277,1,loso_subject_12.npz
12,4516,1,0.9497975645192376,1,loso_subject_12.npz
12,4517,1,0.06363710978890819,0,loso_subject_12.npz
12,4518,1,0.7781904273942859,1,loso_subject_12.npz
12,4519,1,0.8504181489379531,1,loso_subject_12.npz
12,4520,1,0.05788623856552929,0,loso_subject_12.npz
12,4521,1,0.30323106970815344,0,loso_subject_12.npz
12,4522,1,0.9124010992263405,1,loso_subject_12.npz
12,4523,1,0.11585537542339192,0,loso_subject_12.npz
12,4524,1,0.9760471770344133,1,loso_subject_12.npz
12,4525,1,0.8253240326556024,1,loso_subject_12.npz
12,4526,1,0.2128780151773217,0,loso_subject_12.npz
12,4527,1,0.7686021877044679,1,loso_subject_12.npz
12,4528,1,0.9703392573261314,1,loso_subject_12.npz
12,4529,1,0.9339549287706921,1,loso_subject_12.npz
12,4530,1,0.5977236220614182,1,loso_subject_12.npz
12,4531,1,0.2694908164897537,0,loso_subject_12.npz
12,4532,1,0.724196375185397,1,loso_subject_12.npz
12,4533,1,0.8538721138145501,1,loso_subject_12.npz
12,4534,1,0.7564690109208101,1,loso_subject_12.npz
12,4535,1,0.9853284278038845,1,loso_subject_12.npz
12,4536,1,0.961775678927156,1,loso_subject_12.npz
12,4537,1,0.9832224344708168,1,loso_subject_12.npz
12,4538,1,0.9828690001880567,1,loso_subject_12.npz
12,4539,1,0.9919362844103242,1,loso_subject_12.npz
12,4540,1,0.9868171883436474,1,loso_subject_12.npz
12,4541,1,0.993836910689312,1,loso_subject_12.npz
12,4542,1,0.9865347551670606,1,loso_subject_12.npz
12,4543,1,0.9854893392215205,1,loso_subject_12.npz
12,4544,1,0.9975732655261114,1,loso_subject_12.npz
12,4545,1,0.9861051601811542,1,loso_subject_12.npz
12,4546,1,0.9909904719908962,1,loso_subject_12.npz
12,4547,1,0.9766926573663928,1,loso_subject_12.npz
12,4548,1,0.9931101633735504,1,loso_subject_12.npz
12,4549,1,0.9490684572291932,1,loso_subject_12.npz
12,4550,1,0.9988626680091738,1,loso_subject_12.npz
12,4551,1,0.9956267857106028,1,loso_subject_12.npz
12,4552,1,0.9721761578649499,1,loso_subject_12.npz
12,4553,1,0.9979095148523066,1,loso_subject_12.npz
12,4554,1,0.9873225614849152,1,loso_subject_12.npz
12,4555,1,0.9926286840051308,1,loso_subject_12.npz
12,4556,1,0.9968063146491704,1,loso_subject_12.npz
12,4557,1,0.9990601918692013,1,loso_subject_12.npz
12,4558,1,0.9773413209159438,1,loso_subject_12.npz
12,4559,1,0.998819331809803,1,loso_subject_12.npz
12,4560,1,0.998663837905197,1,loso_subject_12.npz
12,4561,1,0.9989593470148341,1,loso_subject_12.npz
12,4562,1,0.997164720681873,1,loso_subject_12.npz
12,4564,1,0.99804528203008,1,loso_subject_12.npz
12,4565,1,0.9991671775387986,1,loso_subject_12.npz
